dateDiff,ranking,description,channel,startTime,rLength,rateInK
2025-05-18T00:00:00.000000,1,DE MOL,PLAY4,20:00:03,01:05:27,1.026.738
2025-05-18T00:00:00.000000,2,CHATEAU PLANCKAERT,VRT 1,20:04:12,00:41:41,832.797
2025-05-18T00:00:00.000000,3,HET 7 UUR-JOURNAAL,VRT 1,19:00:09,00:23:09,743.731
2025-05-18T00:00:00.000000,4,SPORTWEEKEND,VRT 1,19:23:32,00:34:04,717.046
2025-05-18T00:00:00.000000,5,DANCING WITH THE STARS,VTM,19:58:52,01:37:53,678.050
2025-05-18T00:00:00.000000,6,FLIKKEN MAASTRICHT,VRT 1,20:47:54,00:49:03,518.866
2025-05-18T00:00:00.000000,7,NIEUWS 19U VTM,VTM,18:59:48,00:47:14,481.123
2025-05-18T00:00:00.000000,8,HET 1 UUR-JOURNAAL,VRT 1,13:00:05,00:29:02,373.388
2025-05-18T00:00:00.000000,9,"JONAS & JELLE, FROM ZERO TO HERO",VTM2,21:59:22,00:57:57,297.267
2025-05-18T00:00:00.000000,10,DAGELIJKSE KOST,VRT 1,18:10:55,00:45:32,249.029
2025-05-18T00:00:00.000000,11,DE ZEVENDE DAG,VRT 1,11:00:15,01:57:25,240.211
2025-05-18T00:00:00.000000,12,ALLOO BIJ DE VERKEERSPOLITIE,VTM,22:03:22,00:53:24,231.551
2025-05-18T00:00:00.000000,13,NIEUWS 13U VTM,VTM,12:59:44,00:40:28,221.932
2025-05-18T00:00:00.000000,14,DE IDEALE WERELD,VRT 1,21:38:54,00:37:54,212.453
2025-05-18T00:00:00.000000,15,APPLES NEVER FALL,VRT CANVAS,20:00:09,00:42:48,208.880
2025-05-18T00:00:00.000000,16,KOP OVER KOP,EUROSPORT 1 (NL),17:26:50,00:36:21,195.482
2025-05-18T00:00:00.000000,17,HET JOURNAAL LAAT,VRT 1,22:20:07,00:16:47,184.427
2025-05-18T00:00:00.000000,18,SPORTS LATE NIGHT,PLAY4,22:18:07,00:54:01,171.901
2025-05-18T00:00:00.000000,19,GIRO MAGAZINE,VRT 1,22:41:41,00:19:10,165.839
2025-05-18T00:00:00.000000,20,CYCL. GIRO D'ITALIA,EUROSPORT 1 (NL),12:35:35,04:16:58,152.270
2019-11-01T00:00:00.000000,1,THUIS,EEN,20:05:31,00:24:52,1.087.066
2019-11-01T00:00:00.000000,2,HET 7 UUR-JOURNAAL,EEN,19:00:05,00:37:09,930.132
2019-11-01T00:00:00.000000,3,BELGIUM'S GOT TALENT,VTM,20:40:16,01:33:58,904.431
2019-11-01T00:00:00.000000,4,IEDEREEN BEROEMD,EEN,19:38:17,00:21:12,822.392
2019-11-01T00:00:00.000000,5,BLOKKEN,EEN,18:30:23,00:26:49,669.543
2019-11-01T00:00:00.000000,6,LONDON KILLS,EEN,20:33:15,01:30:10,601.062
2019-11-01T00:00:00.000000,7,FAMILIE,VTM,20:01:47,00:24:34,566.081
2019-11-01T00:00:00.000000,8,NIEUWS 19U VTM,VTM,18:59:57,00:51:06,561.656
2019-11-01T00:00:00.000000,9,VELDRIJDEN. KOPPENBERG H.,EEN,14:57:20,01:29:41,534.505
2019-11-01T00:00:00.000000,10,HET 1 UUR-JOURNAAL,EEN,13:00:07,00:27:01,468.250
2019-11-01T00:00:00.000000,11,SPORZA,EEN,13:32:59,00:23:05,441.356
2019-11-01T00:00:00.000000,12,VELDRIJDEN. KOPPENBERG D.,EEN,13:42:15,01:01:50,438.430
2019-11-01T00:00:00.000000,13,WITSE,EEN,17:13:21,00:49:24,346.045
2019-11-01T00:00:00.000000,14,DE BUURTPOLITIE,VTM,18:18:44,00:27:54,316.677
2019-11-01T00:00:00.000000,15,THE GOOD DOCTOR,VTM,22:41:27,00:40:49,297.657
2019-11-01T00:00:00.000000,16,NIEUWS 13U VTM,VTM,12:59:54,00:24:08,291.495
2019-11-01T00:00:00.000000,17,POLDARK,EEN,22:06:09,00:58:08,260.540
2019-11-01T00:00:00.000000,18,HET JOURNAAL LAAT,EEN,23:07:04,00:17:01,221.251
2019-11-01T00:00:00.000000,19,NEIGHBOURS,EEN,16:51:01,00:21:46,200.348
2019-11-01T00:00:00.000000,20,DE SLIMSTE MENS TER WERELD,VIER,16:46:20,00:55:15,144.291
2019-11-02T00:00:00.000000,1,HET 7 UUR-JOURNAAL,EEN,19:00:06,00:31:37,828.012
2019-11-02T00:00:00.000000,2,COMEDY TOPPERS,VTM,19:52:48,00:24:30,626.431
2019-11-02T00:00:00.000000,3,NIEUWS 19U VTM,VTM,18:59:54,00:41:50,564.108
2019-11-02T00:00:00.000000,4,WAT EEN JAAR,VTM,20:28:07,00:52:35,550.717
2019-11-02T00:00:00.000000,5,FC DE KAMPIOENEN,EEN,20:48:29,00:33:55,517.856
2019-11-02T00:00:00.000000,6,IEDEREEN BEROEMD,EEN,19:38:05,00:30:08,473.613
2019-11-02T00:00:00.000000,7,THE SECRET LIFE OF THE ZOO,EEN,20:16:30,00:29:11,439.196
2019-11-02T00:00:00.000000,8,THE PROPOSAL,VTM,21:38:24,01:41:37,368.629
2019-11-02T00:00:00.000000,9,ONE IN A THOUSAND,EEN,18:13:46,00:43:56,342.446
2019-11-02T00:00:00.000000,10,HET 1 UUR-JOURNAAL,EEN,13:00:06,00:23:55,329.400
2019-11-02T00:00:00.000000,11,SILENT WITNESS,CANVAS,20:37:30,01:36:57,290.425
2019-11-02T00:00:00.000000,12,ALLIED,EEN,21:26:13,01:52:40,281.019
2019-11-02T00:00:00.000000,13,WITSE,EEN,16:37:15,00:52:34,275.136
2019-11-02T00:00:00.000000,14,BEESTIG,VTM,18:22:37,00:25:14,271.074
2019-11-02T00:00:00.000000,15,SPORTS LATE NIGHT,VIER,22:56:58,00:58:07,246.006
2019-11-02T00:00:00.000000,16,NIEUWS 13U VTM,VTM,12:59:54,00:25:19,234.600
2019-11-02T00:00:00.000000,17,RIJKER DAN JE DENKT?,VTM,17:24:02,00:48:43,234.237
2019-11-02T00:00:00.000000,18,DIEREN IN NESTEN,EEN,13:30:33,00:29:11,188.080
2019-11-02T00:00:00.000000,19,VRANCKX,CANVAS,20:09:49,00:23:58,187.153
2019-11-02T00:00:00.000000,20,"NIGELLA, AT MY TABLE",EEN,17:29:52,00:29:08,176.408
2019-11-03T00:00:00.000000,1,DE TWAALF,EEN,21:04:14,00:46:27,1.193.155
2019-11-03T00:00:00.000000,2,HET 7 UUR-JOURNAAL,EEN,19:00:05,00:21:47,935.759
2019-11-03T00:00:00.000000,3,DONDEREN IN KEULEN,EEN,20:02:11,00:59:56,933.792
2019-11-03T00:00:00.000000,4,SPORTWEEKEND,EEN,19:22:00,00:34:29,880.755
2019-11-03T00:00:00.000000,5,NIEUWS 19U VTM,VTM,18:59:54,00:44:56,613.933
2019-11-03T00:00:00.000000,6,DANCING WITH THE STARS,VIER,19:58:14,01:46:20,530.579
2019-11-03T00:00:00.000000,7,HET 1 UUR-JOURNAAL,EEN,13:00:05,00:24:50,502.114
2019-11-03T00:00:00.000000,8,JOANNA LUMLEY'S SILK ROAD ADVENTURE,EEN,21:54:07,00:45:34,397.232
2019-11-03T00:00:00.000000,9,MAKE BELGIUM GREAT AGAIN,VTM,19:54:48,01:07:39,381.674
2019-11-03T00:00:00.000000,10,DAGELIJKSE KOST,EEN,18:11:56,00:45:15,381.047
2019-11-03T00:00:00.000000,11,NIEUWS 13U VTM,VTM,12:59:54,00:37:11,349.845
2019-11-03T00:00:00.000000,12,BELGIUM'S GOT TALENT,VTM,17:09:09,01:33:54,289.287
2019-11-03T00:00:00.000000,13,SPORTS LATE NIGHT,VIER,22:28:36,01:09:39,241.001
2019-11-03T00:00:00.000000,14,INSPECTOR MORSE,EEN,13:31:36,01:41:58,238.884
2019-11-03T00:00:00.000000,15,'T IS GEBEURD,VIER,22:09:24,00:15:17,226.495
2019-11-03T00:00:00.000000,16,VELDRIJDEN. RUDDERVOORDE (S.),EEN,17:25:14,00:29:34,224.174
2019-11-03T00:00:00.000000,17,BASKET. BB. FIN - AALSTAR/CHARLEROI,EEN,16:36:13,00:48:11,193.434
2019-11-03T00:00:00.000000,18,TAKEN 2,Q2,20:06:42,01:22:15,174.831
2019-11-03T00:00:00.000000,19,"TOUTANKHAMON, LE TRESOR REDECOUVERT",CANVAS,21:05:16,00:52:40,166.917
2019-11-03T00:00:00.000000,20,IEDEREEN BEROEMD,EEN,12:29:01,00:30:08,164.224
2019-11-04T00:00:00.000000,1,THUIS,EEN,20:15:41,00:24:35,1.182.044
2019-11-04T00:00:00.000000,2,DE SLIMSTE MENS TER WERELD,VIER,21:34:17,00:55:49,1.008.377
2019-11-04T00:00:00.000000,3,HET 7 UUR-JOURNAAL,EEN,19:00:05,00:43:20,997.022
2019-11-04T00:00:00.000000,4,IEDEREEN BEROEMD,EEN,19:46:55,00:21:40,946.529
2019-11-04T00:00:00.000000,5,SPOED 24/7,EEN,20:43:13,00:45:32,810.028
2019-11-04T00:00:00.000000,6,BLOKKEN,EEN,18:29:35,00:27:10,692.568
2019-11-04T00:00:00.000000,7,"BOER ZKT VROUW, DE WERELD ROND",VTM,20:39:42,01:00:10,675.328
2019-11-04T00:00:00.000000,8,NIEUWS 19U VTM,VTM,18:59:55,00:52:33,671.638
2019-11-04T00:00:00.000000,9,FAMILIE,VTM,20:03:27,00:24:36,648.878
2019-11-04T00:00:00.000000,10,OOIT VRIJ,VIER,20:35:15,00:44:25,432.936
2019-11-04T00:00:00.000000,11,WITSE,EEN,17:14:43,00:49:19,366.565
2019-11-04T00:00:00.000000,12,DE BUURTPOLITIE,VTM,18:20:19,00:24:55,348.078
2019-11-04T00:00:00.000000,13,HET 1 UUR-JOURNAAL,EEN,13:00:06,00:30:01,336.831
2019-11-04T00:00:00.000000,14,UNITE 42,EEN,21:32:35,00:49:56,248.156
2019-11-04T00:00:00.000000,15,NIEUWS 13U VTM,VTM,12:59:54,00:25:26,245.664
2019-11-04T00:00:00.000000,16,DE AFSPRAAK,CANVAS,20:30:42,00:43:02,238.888
2019-11-04T00:00:00.000000,17,EXTRA TIME,CANVAS,22:14:17,01:08:38,210.765
2019-11-04T00:00:00.000000,18,THE EQUALIZER,Q2,20:37:24,02:00:53,206.260
2019-11-04T00:00:00.000000,19,NEIGHBOURS,EEN,16:52:59,00:21:36,206.040
2019-11-04T00:00:00.000000,20,"LOIC, ZOT VAN KOKEN",VTM,17:59:41,00:15:13,205.975
2019-11-05T00:00:00.000000,1,THUIS,EEN,20:12:07,00:24:28,1.150.129
2019-11-05T00:00:00.000000,2,HET 7 UUR-JOURNAAL,EEN,19:00:05,00:40:04,977.155
2019-11-05T00:00:00.000000,3,IEDEREEN BEROEMD,EEN,19:43:34,00:22:04,932.418
2019-11-05T00:00:00.000000,4,HET HUIS - THEO FRANCKEN,EEN,20:39:59,00:56:35,906.861
2019-11-05T00:00:00.000000,5,DE SLIMSTE MENS TER WERELD,VIER,21:17:54,00:59:35,817.168
2019-11-05T00:00:00.000000,6,BLOKKEN,EEN,18:31:41,00:27:12,726.477
2019-11-05T00:00:00.000000,7,NIEUWS 19U VTM,VTM,18:59:54,00:53:22,644.653
2019-11-05T00:00:00.000000,8,FAMILIE,VTM,20:04:29,00:24:41,603.263
2019-11-05T00:00:00.000000,9,HET 1 UUR-JOURNAAL,EEN,13:00:05,00:28:22,360.115
2019-11-05T00:00:00.000000,10,VB. C1 UEFA SCHIFT - LIVERPOOL/GENK,ZES,21:01:09,01:34:25,344.624
2019-11-05T00:00:00.000000,11,DE BUURTPOLITIE,VTM,18:19:22,00:27:31,337.230
2019-11-05T00:00:00.000000,12,WITSE,EEN,17:12:51,00:50:39,331.164
2019-11-05T00:00:00.000000,13,ANDY OP PATROUILLE,VTM,20:40:26,00:48:31,313.428
2019-11-05T00:00:00.000000,14,NIEUWS 13U VTM,VTM,12:59:53,00:24:08,282.350
2019-11-05T00:00:00.000000,15,FAROEK,VTM,21:44:26,00:41:24,265.135
2019-11-05T00:00:00.000000,16,HET JOURNAAL LAAT,EEN,22:31:44,00:17:09,236.322
2019-11-05T00:00:00.000000,17,KINDEREN VAN HET VERZET,CANVAS,21:15:57,00:46:12,217.734
2019-11-05T00:00:00.000000,18,BEVERGEM,EEN,21:39:08,00:50:52,215.103
2019-11-05T00:00:00.000000,19,DE AFSPRAAK,CANVAS,20:30:47,00:40:14,193.423
2019-11-05T00:00:00.000000,20,"LOIC, ZOT VAN KOKEN",VTM,17:59:36,00:15:34,192.847
2019-11-06T00:00:00.000000,1,THUIS,EEN,20:17:20,00:25:23,1.180.392
2019-11-06T00:00:00.000000,2,HET 7 UUR-JOURNAAL,EEN,19:00:05,00:43:13,1.000.398
2019-11-06T00:00:00.000000,3,IEDEREEN BEROEMD,EEN,19:46:32,00:20:07,933.294
2019-11-06T00:00:00.000000,4,DE SLIMSTE MENS TER WERELD,VIER,21:20:41,00:58:47,768.891
2019-11-06T00:00:00.000000,5,BLOKKEN,EEN,18:30:03,00:27:15,680.289
2019-11-06T00:00:00.000000,6,NIEUWS 19U VTM,VTM,18:59:50,00:53:53,655.143
2019-11-06T00:00:00.000000,7,FAMILIE,VTM,20:04:35,00:25:28,602.138
2019-11-06T00:00:00.000000,8,CODE VAN COPPENS,VTM,20:40:59,00:52:30,524.461
2019-11-06T00:00:00.000000,9,VB. C1 UEFA SCHIFT - PARIS-ST-G./CL.BRUGGE,Q2,21:00:29,01:36:52,509.694
2019-11-06T00:00:00.000000,10,ANIMALITIS,EEN,20:46:14,00:47:36,479.346
2019-11-06T00:00:00.000000,11,DE BUURTPOLITIE,VTM,18:20:03,00:25:02,357.279
2019-11-06T00:00:00.000000,12,VB. C1 UEFA SCHIFT - STUDIO,Q2,23:00:39,00:18:56,341.051
2019-11-06T00:00:00.000000,13,HET 1 UUR-JOURNAAL,EEN,13:00:06,00:32:48,308.535
2019-11-06T00:00:00.000000,14,WITSE,EEN,17:12:49,00:50:54,300.549
2019-11-06T00:00:00.000000,15,HET JOURNAAL LAAT,EEN,22:24:05,00:17:35,272.632
2019-11-06T00:00:00.000000,16,"SERGIO & AXEL, VAN DE KAART",VTM,21:49:47,00:52:41,240.815
2019-11-06T00:00:00.000000,17,NIEUWS 13U VTM,VTM,12:59:53,00:25:42,236.793
2019-11-06T00:00:00.000000,18,FOREVER YOUNG,VIER,20:35:14,00:35:17,228.687
2019-11-06T00:00:00.000000,19,VB. C1 UEFA SCHIFT. (S.),Q2,23:23:58,00:23:56,222.750
2019-11-06T00:00:00.000000,20,ROOKIE COPS,EEN,21:37:25,00:43:39,220.104
2019-11-07T00:00:00.000000,1,THUIS,EEN,20:13:35,00:24:36,1.039.266
2019-11-07T00:00:00.000000,2,HET 7 UUR-JOURNAAL,EEN,19:00:06,00:40:37,897.311
2019-11-07T00:00:00.000000,3,DE SLIMSTE MENS TER WERELD,VIER,21:20:00,00:57:03,881.574
2019-11-07T00:00:00.000000,4,IEDEREEN BEROEMD,EEN,19:44:10,00:21:22,740.638
2019-11-07T00:00:00.000000,5,BLOKKEN,EEN,18:31:11,00:27:00,667.956
2019-11-07T00:00:00.000000,6,NIEUWS 19U VTM,VTM,18:59:53,00:52:49,595.807
2019-11-07T00:00:00.000000,7,FAMILIE,VTM,20:03:36,00:24:57,586.174
2019-11-07T00:00:00.000000,8,"STEENRIJK, STRAATARM",VTM,20:40:03,00:52:01,533.158
2019-11-07T00:00:00.000000,9,APPEL D'URGENCE,EEN,20:42:02,00:42:35,477.315
2019-11-07T00:00:00.000000,10,ALLOO BIJ DE WEGPOLITIE,VTM,21:49:51,00:50:52,405.756
2019-11-07T00:00:00.000000,11,HET 1 UUR-JOURNAAL,EEN,13:00:05,00:31:36,394.493
2019-11-07T00:00:00.000000,12,WITSE,EEN,17:13:09,00:50:54,355.590
2019-11-07T00:00:00.000000,13,VB. C3 UEFA SCHIFT - WOLFSBURG/GENT,CANVAS,21:01:03,01:37:41,352.857
2019-11-07T00:00:00.000000,14,DE BUURTPOLITIE,VTM,18:20:59,00:25:44,307.771
2019-11-07T00:00:00.000000,15,NIEUWS 13U VTM,VTM,12:59:54,00:27:27,255.975
2019-11-07T00:00:00.000000,16,NIVEAU 4,VIER,20:35:29,00:34:07,238.086
2019-11-07T00:00:00.000000,17,VB. C3 UEFA SCHIFT - STANDARD/FRANKFURT (2HT),OP 12,19:57:01,00:49:46,179.665
2019-11-07T00:00:00.000000,18,FIRST DATES,EEN,22:48:38,00:45:30,175.792
2019-11-07T00:00:00.000000,19,VB. C3 UEFA SCHIFT - STANDARD/FRANKFURT (1HT),CANVAS,18:55:10,00:46:07,159.255
2019-11-07T00:00:00.000000,20,HET JOURNAAL LAAT,EEN,22:24:37,00:16:45,156.806
2019-11-08T00:00:00.000000,1,THUIS,EEN,20:16:53,00:24:55,1.062.137
2019-11-08T00:00:00.000000,2,HET 7 UUR-JOURNAAL,EEN,19:00:04,00:42:45,870.125
2019-11-08T00:00:00.000000,3,BELGIUM'S GOT TALENT,VTM,20:41:16,01:26:25,869.151
2019-11-08T00:00:00.000000,4,IEDEREEN BEROEMD,EEN,19:46:51,00:21:51,819.118
2019-11-08T00:00:00.000000,5,BLOKKEN,EEN,18:30:21,00:27:04,696.838
2019-11-08T00:00:00.000000,6,NIEUWS 19U VTM,VTM,18:59:54,00:52:36,606.790
2019-11-08T00:00:00.000000,7,FAMILIE,VTM,20:03:09,00:24:43,591.156
2019-11-08T00:00:00.000000,8,LONDON KILLS,EEN,20:43:15,01:28:31,503.790
2019-11-08T00:00:00.000000,9,WITSE,EEN,17:14:36,00:49:27,369.982
2019-11-08T00:00:00.000000,10,HET 1 UUR-JOURNAAL,EEN,13:00:05,00:29:35,333.712
2019-11-08T00:00:00.000000,11,DE BUURTPOLITIE,VTM,18:19:45,00:26:52,306.227
2019-11-08T00:00:00.000000,12,THE GOOD DOCTOR,VTM,22:35:10,00:40:42,278.268
2019-11-08T00:00:00.000000,13,SPORTS LATE NIGHT,VIER,22:59:57,00:17:37,251.101
2019-11-08T00:00:00.000000,14,NIEUWS 13U VTM,VTM,12:59:53,00:26:20,228.014
2019-11-08T00:00:00.000000,15,POLDARK,EEN,22:15:03,00:58:03,195.812
2019-11-08T00:00:00.000000,16,NEIGHBOURS,EEN,16:52:39,00:21:49,175.889
2019-11-08T00:00:00.000000,17,"LOIC, ZOT VAN KOKEN",VTM,17:59:06,00:16:27,152.964
2019-11-08T00:00:00.000000,18,TER ZAKE,CANVAS,20:00:05,00:33:27,152.725
2019-11-08T00:00:00.000000,19,DE AFSPRAAK,CANVAS,20:33:32,00:42:40,152.148
2019-11-08T00:00:00.000000,20,HET JOURNAAL LAAT,EEN,23:15:52,00:16:33,150.993
2019-11-09T00:00:00.000000,1,HET 7 UUR-JOURNAAL,EEN,19:00:02,00:32:19,760.998
2019-11-09T00:00:00.000000,2,COMEDY TOPPERS,VTM,19:52:31,00:24:20,601.807
2019-11-09T00:00:00.000000,3,FC DE KAMPIOENEN,EEN,20:55:46,00:32:42,537.247
2019-11-09T00:00:00.000000,4,WAT EEN JAAR,VTM,20:29:15,00:54:33,529.123
2019-11-09T00:00:00.000000,5,NIEUWS 19U VTM,VTM,18:59:53,00:41:42,520.061
2019-11-09T00:00:00.000000,6,IEDEREEN BEROEMD,EEN,19:40:06,00:31:34,419.764
2019-11-09T00:00:00.000000,7,THE SECRET LIFE OF THE ZOO,EEN,20:21:35,00:30:28,412.004
2019-11-09T00:00:00.000000,8,BIG CATS,EEN,18:13:05,00:43:24,385.688
2019-11-09T00:00:00.000000,9,BOWLING BALLS,VTM,21:42:49,01:24:44,338.967
2019-11-09T00:00:00.000000,10,TESTAMENT OF YOUTH,EEN,21:33:22,02:01:04,302.568
2019-11-09T00:00:00.000000,11,HET 1 UUR-JOURNAAL,EEN,13:00:05,00:31:43,301.253
2019-11-09T00:00:00.000000,12,SPORTS LATE NIGHT,VIER,23:08:54,00:48:07,262.123
2019-11-09T00:00:00.000000,13,WITSE,EEN,16:38:06,00:50:11,242.547
2019-11-09T00:00:00.000000,14,SILENT WITNESS,CANVAS,20:36:16,01:40:27,232.641
2019-11-09T00:00:00.000000,15,BEESTIG,VTM,18:16:42,00:28:20,231.364
2019-11-09T00:00:00.000000,16,NIEUWS 13U VTM,VTM,12:59:53,00:25:04,222.843
2019-11-09T00:00:00.000000,17,RIJKER DAN JE DENKT?,VTM,17:09:46,00:54:25,190.405
2019-11-09T00:00:00.000000,18,HET JOURNAAL LAAT,EEN,23:36:41,00:15:06,172.705
2019-11-09T00:00:00.000000,19,VRANCKX,CANVAS,20:09:00,00:24:54,161.962
2019-11-09T00:00:00.000000,20,"MAD MAX, FURY ROAD",VIER,20:25:13,01:48:51,140.203
2019-11-10T00:00:00.000000,1,DE TWAALF,EEN,21:07:28,00:46:21,902.158
2019-11-10T00:00:00.000000,2,DONDEREN IN KEULEN,EEN,20:05:48,01:00:00,834.654
2019-11-10T00:00:00.000000,3,HET 7 UUR-JOURNAAL,EEN,19:00:05,00:56:51,738.238
2019-11-10T00:00:00.000000,4,DANCING WITH THE STARS,VIER,20:00:18,01:57:06,565.586
2019-11-10T00:00:00.000000,5,VELDRIJDEN. EK. SILVELLE H.,EEN,15:13:34,01:27:46,556.955
2019-11-10T00:00:00.000000,6,VELDRIJDEN. EK. SILVELLE - BELOFTEN H.,EEN,14:45:02,00:28:32,461.908
2019-11-10T00:00:00.000000,7,NIEUWS 19U VTM,VTM,18:59:54,00:45:00,455.468
2019-11-10T00:00:00.000000,8,HET 1 UUR-JOURNAAL,EEN,13:00:06,00:28:58,448.433
2019-11-10T00:00:00.000000,9,VELDRIJDEN. EK. SILVELLE D.,EEN,13:40:34,01:04:28,442.027
2019-11-10T00:00:00.000000,10,MAKE BELGIUM GREAT AGAIN,VTM,19:56:29,01:06:35,367.128
2019-11-10T00:00:00.000000,11,DAGELIJKSE KOST,EEN,18:12:00,00:45:28,326.171
2019-11-10T00:00:00.000000,12,SPORZA,EEN,13:35:37,00:26:58,312.164
2019-11-10T00:00:00.000000,13,JOANNA LUMLEY'S SILK ROAD ADVENTURE,EEN,21:58:47,00:46:18,305.366
2019-11-10T00:00:00.000000,14,SPORTS LATE NIGHT,VIER,22:25:12,01:11:03,302.509
2019-11-10T00:00:00.000000,15,DE ZEVENDE DAG,EEN,11:00:06,01:58:15,275.983
2019-11-10T00:00:00.000000,16,NIEUWS 13U VTM,VTM,12:59:53,00:34:16,259.460
2019-11-10T00:00:00.000000,17,THE WONDER OF ANIMALS,EEN,17:32:53,00:29:01,257.493
2019-11-10T00:00:00.000000,18,QUANTUM OF SOLACE,VTM,21:24:25,01:37:08,255.979
2019-11-10T00:00:00.000000,19,HET JOURNAAL LAAT,EEN,22:47:46,00:16:22,246.077
2019-11-10T00:00:00.000000,20,VLAANDEREN VAKANTIELAND,EEN,17:09:51,00:16:31,198.458
2019-11-11T00:00:00.000000,1,THUIS,EEN,20:13:30,00:25:25,1.177.000
2019-11-11T00:00:00.000000,2,HET 7 UUR-JOURNAAL,EEN,19:00:06,00:41:44,1.074.705
2019-11-11T00:00:00.000000,3,DE SLIMSTE MENS TER WERELD,VIER,21:34:52,00:56:00,1.005.333
2019-11-11T00:00:00.000000,4,IEDEREEN BEROEMD,EEN,19:45:10,00:21:45,994.323
2019-11-11T00:00:00.000000,5,SPOED 24/7,EEN,20:43:06,00:46:53,911.671
2019-11-11T00:00:00.000000,6,BLOKKEN,EEN,18:31:32,00:27:17,823.166
2019-11-11T00:00:00.000000,7,"BOER ZKT VROUW, DE WERELD ROND",VTM,20:38:42,00:54:24,740.959
2019-11-11T00:00:00.000000,8,FAMILIE,VTM,20:02:13,00:25:40,728.801
2019-11-11T00:00:00.000000,9,NIEUWS 19U VTM,VTM,18:59:57,00:51:02,695.556
2019-11-11T00:00:00.000000,10,VELDRIJDEN. NIEL D.,EEN,13:42:55,01:01:46,577.346
2019-11-11T00:00:00.000000,11,HET 1 UUR-JOURNAAL,EEN,13:00:05,00:30:56,567.847
2019-11-11T00:00:00.000000,12,VELDRIJDEN. NIEL H.,EEN,14:57:49,01:20:59,561.801
2019-11-11T00:00:00.000000,13,VELDRIJDEN. NIEL,EEN,13:36:56,00:20:10,559.645
2019-11-11T00:00:00.000000,14,OOIT VRIJ,VIER,20:35:13,00:45:10,461.851
2019-11-11T00:00:00.000000,15,WITSE,EEN,17:13:36,00:49:56,454.822
2019-11-11T00:00:00.000000,16,NIEUWS 13U VTM,VTM,12:59:54,00:25:32,375.242
2019-11-11T00:00:00.000000,17,DE BUURTPOLITIE,VTM,18:20:09,00:25:21,359.671
2019-11-11T00:00:00.000000,18,DOSSIER X,VTM,21:51:42,00:45:50,306.892
2019-11-11T00:00:00.000000,19,UNITE 42,EEN,21:32:31,00:48:00,304.471
2019-11-11T00:00:00.000000,20,NEIGHBOURS,EEN,16:51:45,00:21:43,238.537
2019-11-12T00:00:00.000000,1,THUIS,EEN,20:16:54,00:25:03,1.250.569
2019-11-12T00:00:00.000000,2,HET 7 UUR-JOURNAAL,EEN,19:00:05,00:44:26,974.665
2019-11-12T00:00:00.000000,3,IEDEREEN BEROEMD,EEN,19:47:24,00:22:52,960.492
2019-11-12T00:00:00.000000,4,HET HUIS - THEO FRANCKEN,EEN,20:44:23,00:59:06,958.154
2019-11-12T00:00:00.000000,5,DE SLIMSTE MENS TER WERELD,VIER,21:19:22,00:52:49,895.163
2019-11-12T00:00:00.000000,6,BLOKKEN,EEN,18:32:02,00:27:17,715.767
2019-11-12T00:00:00.000000,7,NIEUWS 19U VTM,VTM,18:59:56,00:52:30,652.038
2019-11-12T00:00:00.000000,8,FAMILIE,VTM,20:03:57,00:25:21,631.688
2019-11-12T00:00:00.000000,9,ANDY OP PATROUILLE,VTM,20:40:34,00:51:12,410.176
2019-11-12T00:00:00.000000,10,WITSE,EEN,17:12:08,00:50:55,368.550
2019-11-12T00:00:00.000000,11,HET 1 UUR-JOURNAAL,EEN,13:00:05,00:30:15,343.009
2019-11-12T00:00:00.000000,12,DE BUURTPOLITIE,VTM,18:20:06,00:25:09,314.204
2019-11-12T00:00:00.000000,13,FAROEK,VTM,21:49:11,00:44:08,312.039
2019-11-12T00:00:00.000000,14,HET JOURNAAL LAAT,EEN,22:39:25,00:16:32,264.369
2019-11-12T00:00:00.000000,15,BEVERGEM,EEN,21:47:51,00:50:14,213.682
2019-11-12T00:00:00.000000,16,NIEUWS 13U VTM,VTM,12:59:54,00:26:17,211.956
2019-11-12T00:00:00.000000,17,DE IDEALE WERELD,CANVAS,22:16:23,00:41:34,197.515
2019-11-12T00:00:00.000000,18,KINDEREN VAN HET VERZET,CANVAS,21:21:46,00:50:01,181.681
2019-11-12T00:00:00.000000,19,CHATEAU MEILAND,VIJF,20:35:08,00:39:26,179.493
2019-11-12T00:00:00.000000,20,WAT EEN DAG,VTM,22:44:23,00:48:47,166.389
2019-11-13T00:00:00.000000,1,THUIS,EEN,20:16:22,00:24:34,1.145.613
2019-11-13T00:00:00.000000,2,HET 7 UUR-JOURNAAL,EEN,19:00:06,00:42:58,978.186
2019-11-13T00:00:00.000000,3,IEDEREEN BEROEMD,EEN,19:46:42,00:20:07,940.691
2019-11-13T00:00:00.000000,4,DE SLIMSTE MENS TER WERELD,VIER,21:19:30,00:53:52,919.997
2019-11-13T00:00:00.000000,5,BLOKKEN,EEN,18:32:08,00:27:16,735.100
2019-11-13T00:00:00.000000,6,CODE VAN COPPENS,VTM,20:40:46,00:48:28,663.552
2019-11-13T00:00:00.000000,7,NIEUWS 19U VTM,VTM,18:59:54,00:53:24,656.714
2019-11-13T00:00:00.000000,8,FAMILIE,VTM,20:04:16,00:24:21,635.555
2019-11-13T00:00:00.000000,9,ANIMALITIS,EEN,20:43:29,00:46:24,466.277
2019-11-13T00:00:00.000000,10,"SERGIO & AXEL, VAN DE KAART",VTM,21:45:34,00:57:57,415.320
2019-11-13T00:00:00.000000,11,HET 1 UUR-JOURNAAL,EEN,13:00:06,00:29:44,405.825
2019-11-13T00:00:00.000000,12,WITSE,EEN,17:12:21,00:51:12,399.311
2019-11-13T00:00:00.000000,13,DE BUURTPOLITIE,VTM,18:19:05,00:27:04,341.862
2019-11-13T00:00:00.000000,14,FOREVER YOUNG,VIER,20:35:13,00:32:07,277.833
2019-11-13T00:00:00.000000,15,NIEUWS 13U VTM,VTM,12:59:54,00:27:02,274.265
2019-11-13T00:00:00.000000,16,DE AFSPRAAK,CANVAS,20:35:37,00:41:16,256.690
2019-11-13T00:00:00.000000,17,OOIT VRIJ,VIER,22:23:08,00:45:09,202.369
2019-11-13T00:00:00.000000,18,"LOIC, ZOT VAN KOKEN",VTM,17:59:35,00:15:11,196.632
2019-11-13T00:00:00.000000,19,ROOKIE COPS,EEN,21:34:44,00:41:59,194.723
2019-11-13T00:00:00.000000,20,FIRST DATES,EEN,22:40:14,00:45:37,190.468
2019-11-14T00:00:00.000000,1,THUIS,EEN,20:15:35,00:25:26,1.140.716
2019-11-14T00:00:00.000000,2,HET 7 UUR-JOURNAAL,EEN,19:00:05,00:44:27,1.032.975
2019-11-14T00:00:00.000000,3,DE SLIMSTE MENS TER WERELD,VIER,21:26:54,00:52:46,1.027.077
2019-11-14T00:00:00.000000,4,IEDEREEN BEROEMD,EEN,19:46:22,00:21:16,935.242
2019-11-14T00:00:00.000000,5,BLOKKEN,EEN,18:30:15,00:27:00,703.770
2019-11-14T00:00:00.000000,6,NIEUWS 19U VTM,VTM,18:59:55,00:51:21,637.855
2019-11-14T00:00:00.000000,7,"STEENRIJK, STRAATARM",VTM,20:39:01,00:51:27,591.919
2019-11-14T00:00:00.000000,8,APPEL D'URGENCE,EEN,20:43:33,00:43:35,591.508
2019-11-14T00:00:00.000000,9,FAMILIE,VTM,20:02:40,00:25:08,570.436
2019-11-14T00:00:00.000000,10,ALLOO BIJ DE WEGPOLITIE,VTM,21:51:58,00:50:34,520.066
2019-11-14T00:00:00.000000,11,HET 1 UUR-JOURNAAL,EEN,13:00:05,00:29:49,392.781
2019-11-14T00:00:00.000000,12,WITSE,EEN,17:14:01,00:49:32,359.494
2019-11-14T00:00:00.000000,13,DE BUURTPOLITIE,VTM,18:19:58,00:27:39,357.513
2019-11-14T00:00:00.000000,14,NIVEAU 4,VIER,20:35:04,00:40:45,323.216
2019-11-14T00:00:00.000000,15,NIEUWS 13U VTM,VTM,12:59:54,00:25:43,250.534
2019-11-14T00:00:00.000000,16,HET JOURNAAL LAAT,EEN,22:32:35,00:15:50,248.143
2019-11-14T00:00:00.000000,17,AUWCH,VIER,22:28:27,00:24:45,222.133
2019-11-14T00:00:00.000000,18,DE AFSPRAAK,CANVAS,20:29:01,00:39:21,193.786
2019-11-14T00:00:00.000000,19,DE PARELVISSERS,EEN,21:30:10,00:59:32,171.322
2019-11-14T00:00:00.000000,20,HUIZENJAGERS,VIER,19:39:09,00:40:27,166.346
2019-11-15T00:00:00.000000,1,THUIS,EEN,20:12:27,00:25:29,1.112.264
2019-11-15T00:00:00.000000,2,HET 7 UUR-JOURNAAL,EEN,19:00:15,00:41:15,960.371
2019-11-15T00:00:00.000000,3,IEDEREEN BEROEMD,EEN,19:45:22,00:20:37,850.059
2019-11-15T00:00:00.000000,4,BELGIUM'S GOT TALENT,VTM,20:39:29,01:27:04,828.960
2019-11-15T00:00:00.000000,5,BLOKKEN,EEN,18:30:51,00:27:06,738.306
2019-11-15T00:00:00.000000,6,LONDON KILLS,EEN,20:42:18,01:28:23,594.204
2019-11-15T00:00:00.000000,7,FAMILIE,VTM,20:02:32,00:24:40,571.079
2019-11-15T00:00:00.000000,8,NIEUWS 19U VTM,VTM,18:59:52,00:51:15,569.914
2019-11-15T00:00:00.000000,9,WITSE,EEN,17:14:07,00:49:55,394.366
2019-11-15T00:00:00.000000,10,HET 1 UUR-JOURNAAL,EEN,13:00:05,00:29:05,370.359
2019-11-15T00:00:00.000000,11,DE BUURTPOLITIE,VTM,18:19:34,00:26:49,320.433
2019-11-15T00:00:00.000000,12,THE GOOD DOCTOR,VTM,22:34:33,00:40:34,269.819
2019-11-15T00:00:00.000000,13,NIEUWS 13U VTM,VTM,12:59:54,00:25:08,248.792
2019-11-15T00:00:00.000000,14,"LOIC, ZOT VAN KOKEN",VTM,17:59:23,00:15:35,228.589
2019-11-15T00:00:00.000000,15,DE AFSPRAAK,CANVAS,20:31:28,00:46:05,209.112
2019-11-15T00:00:00.000000,16,POLDARK,EEN,22:13:30,00:59:37,203.049
2019-11-15T00:00:00.000000,17,HET JOURNAAL LAAT,EEN,23:14:19,00:16:55,185.177
2019-11-15T00:00:00.000000,18,NEIGHBOURS,EEN,16:52:10,00:21:49,150.672
2019-11-15T00:00:00.000000,19,STURM DER LIEBE,VITAYA,17:49:05,00:48:28,140.605
2019-11-15T00:00:00.000000,20,THE GHOST WRITER,CANVAS,21:23:10,02:02:41,136.151
2019-11-16T00:00:00.000000,1,VB. EK. KWALIF - RUSLAND/BELGIE,VTM,18:00:53,01:34:26,1.015.619
2019-11-16T00:00:00.000000,2,HET 7 UUR-JOURNAAL,EEN,19:00:06,00:33:34,657.695
2019-11-16T00:00:00.000000,3,VB. EK. KWALIF - STUDIO,VTM,20:00:27,00:19:56,638.389
2019-11-16T00:00:00.000000,4,NIEUWS 19U VTM,VTM,20:25:32,00:35:44,576.478
2019-11-16T00:00:00.000000,5,FC DE KAMPIOENEN,EEN,20:56:15,00:37:08,549.750
2019-11-16T00:00:00.000000,6,DE BATTLE,VIER,20:10:14,01:18:52,511.778
2019-11-16T00:00:00.000000,7,IEDEREEN BEROEMD,EEN,19:40:37,00:31:32,388.620
2019-11-16T00:00:00.000000,8,THE SECRET LIFE OF THE ZOO,EEN,20:21:57,00:31:35,370.070
2019-11-16T00:00:00.000000,9,HET 1 UUR-JOURNAAL,EEN,13:00:05,00:25:40,318.238
2019-11-16T00:00:00.000000,10,PATSER,VTM,21:11:26,01:55:40,311.705
2019-11-16T00:00:00.000000,11,UN SAC DE BILLES,EEN,21:37:13,01:43:50,261.581
2019-11-16T00:00:00.000000,12,"HIJ KOMT, HIJ KOMT!",EEN,13:30:38,01:47:36,255.136
2019-11-16T00:00:00.000000,13,SILENT WITNESS,CANVAS,20:38:05,01:38:32,248.311
2019-11-16T00:00:00.000000,14,BIG CATS,EEN,18:13:28,00:43:50,247.447
2019-11-16T00:00:00.000000,15,NIEUWS 13U VTM,VTM,12:59:54,00:23:18,216.992
2019-11-16T00:00:00.000000,16,HET JOURNAAL LAAT,EEN,23:22:47,00:17:02,205.757
2019-11-16T00:00:00.000000,17,VELDRIJDEN. WB. TABOR (S.),EEN,17:28:10,00:30:00,203.761
2019-11-16T00:00:00.000000,18,IT TAKES TWO,VIER,21:46:34,01:33:45,195.190
2019-11-16T00:00:00.000000,19,BEESTIG,VTM,17:11:07,00:23:31,191.961
2019-11-16T00:00:00.000000,20,FROZEN,Q2,20:10:09,01:29:01,179.076
2019-11-17T00:00:00.000000,1,DE TWAALF,EEN,21:06:02,00:45:55,1.106.353
2019-11-17T00:00:00.000000,2,DONDEREN IN KEULEN,EEN,20:03:05,01:00:10,1.057.001
2019-11-17T00:00:00.000000,3,HET 7 UUR-JOURNAAL,EEN,19:00:06,00:21:27,991.035
2019-11-17T00:00:00.000000,4,SPORTWEEKEND,EEN,19:21:33,00:34:26,888.180
2019-11-17T00:00:00.000000,5,VELDRIJDEN. HAMME H.,EEN,14:56:32,01:11:59,655.076
2019-11-17T00:00:00.000000,6,NIEUWS 19U VTM,VTM,18:59:57,00:45:59,610.129
2019-11-17T00:00:00.000000,7,SPORZA,EEN,13:35:00,00:36:04,489.501
2019-11-17T00:00:00.000000,8,VELDRIJDEN. HAMME D.,EEN,13:43:26,00:49:19,478.825
2019-11-17T00:00:00.000000,9,MAKE BELGIUM GREAT AGAIN,VTM,19:57:17,01:08:14,473.388
2019-11-17T00:00:00.000000,10,DAGELIJKSE KOST,EEN,18:11:35,00:45:30,452.876
2019-11-17T00:00:00.000000,11,HET 1 UUR-JOURNAAL,EEN,13:00:05,00:27:41,387.023
2019-11-17T00:00:00.000000,12,FLYING TO THE ENDS OF THE EARTH - SIBERIA,EEN,21:54:52,00:46:24,384.965
2019-11-17T00:00:00.000000,13,HET JOURNAAL LAAT,EEN,22:43:28,00:15:21,371.938
2019-11-17T00:00:00.000000,14,WIELRENNEN. 6-DAAGSE VAN GENT,EEN,16:23:11,01:25:30,349.734
2019-11-17T00:00:00.000000,15,NIEUWS 13U VTM,VTM,12:59:54,00:35:50,291.210
2019-11-17T00:00:00.000000,16,DE ZEVENDE DAG,EEN,11:00:06,01:58:07,286.379
2019-11-17T00:00:00.000000,17,SKYFALL,VTM,21:30:57,02:12:16,284.765
2019-11-17T00:00:00.000000,18,BELGIUM'S GOT TALENT,VTM,17:12:37,01:27:06,216.249
2019-11-17T00:00:00.000000,19,POWER RANGERS,Q2,20:42:40,01:48:48,146.472
2019-11-17T00:00:00.000000,20,DE BATTLE,VIER,17:23:40,01:18:55,144.997
2019-11-18T00:00:00.000000,1,THUIS,EEN,20:14:08,00:25:29,1.179.178
2019-11-18T00:00:00.000000,2,DE SLIMSTE MENS TER WERELD,VIER,21:33:49,00:56:19,987.573
2019-11-18T00:00:00.000000,3,HET 7 UUR-JOURNAAL,EEN,19:00:05,00:43:21,984.251
2019-11-18T00:00:00.000000,4,IEDEREEN BEROEMD,EEN,19:46:19,00:21:28,917.833
2019-11-18T00:00:00.000000,5,MIJ OVERKOMT HET NIET,EEN,20:41:59,00:35:20,746.092
2019-11-18T00:00:00.000000,6,NIEUWS 19U VTM,VTM,18:59:54,00:50:30,697.091
2019-11-18T00:00:00.000000,7,"BOER ZKT VROUW, DE WERELD ROND",VTM,20:37:47,00:55:19,686.925
2019-11-18T00:00:00.000000,8,BLOKKEN,EEN,18:29:40,00:27:14,680.071
2019-11-18T00:00:00.000000,9,FAMILIE,VTM,20:01:44,00:24:19,656.087
2019-11-18T00:00:00.000000,10,OOIT VRIJ,VIER,20:35:13,00:45:26,412.569
2019-11-18T00:00:00.000000,11,DE BUURTPOLITIE,VTM,18:19:19,00:27:33,401.740
2019-11-18T00:00:00.000000,12,HET 1 UUR-JOURNAAL,EEN,13:00:06,00:27:47,376.193
2019-11-18T00:00:00.000000,13,UNITE 42,EEN,21:20:10,00:48:08,302.341
2019-11-18T00:00:00.000000,14,WISSEL VAN DE MACHT,CANVAS,21:21:51,00:51:34,280.023
2019-11-18T00:00:00.000000,15,DOSSIER X,VTM,21:51:13,00:47:45,273.003
2019-11-18T00:00:00.000000,16,NIEUWS 13U VTM,VTM,12:59:54,00:26:42,247.564
2019-11-18T00:00:00.000000,17,HET JOURNAAL LAAT,EEN,22:10:08,00:15:52,247.013
2019-11-18T00:00:00.000000,18,DE AFSPRAAK,CANVAS,20:31:09,00:44:35,208.485
2019-11-18T00:00:00.000000,19,POULIDOR PREMIER,CANVAS,22:17:25,00:59:41,198.288
2019-11-18T00:00:00.000000,20,FIRST DATES,EEN,22:31:29,00:45:46,193.035
2019-11-19T00:00:00.000000,1,THUIS,EEN,20:11:40,00:25:18,1.150.848
2019-11-19T00:00:00.000000,2,VB. EK. KWALIF - BELGIE/CYPRUS,VTM,20:45:23,01:32:13,1.095.019
2019-11-19T00:00:00.000000,3,HET 7 UUR-JOURNAAL,EEN,19:00:05,00:40:58,1.044.394
2019-11-19T00:00:00.000000,4,IEDEREEN BEROEMD,EEN,19:44:31,00:21:06,991.471
2019-11-19T00:00:00.000000,5,BLOKKEN,EEN,18:30:49,00:27:15,774.767
2019-11-19T00:00:00.000000,6,DE SLIMSTE MENS TER WERELD,VIER,21:18:57,00:56:13,728.803
2019-11-19T00:00:00.000000,7,HET HUIS - DINA TERSAGO,EEN,20:39:19,00:54:06,726.599
2019-11-19T00:00:00.000000,8,NIEUWS 19U VTM,VTM,18:59:58,00:42:49,690.241
2019-11-19T00:00:00.000000,9,FAMILIE,VTM,19:52:17,00:24:35,656.542
2019-11-19T00:00:00.000000,10,VB. EK. KWALIF,VTM,20:25:36,00:39:05,587.156
2019-11-19T00:00:00.000000,11,DE BUURTPOLITIE,VTM,18:20:27,00:26:26,351.313
2019-11-19T00:00:00.000000,12,HET 1 UUR-JOURNAAL,EEN,13:00:05,00:25:50,315.258
2019-11-19T00:00:00.000000,13,FLIKKEN MAASTRICHT,EEN,17:21:34,00:42:27,287.231
2019-11-19T00:00:00.000000,14,NIEUWS 13U VTM,VTM,12:59:53,00:23:06,279.306
2019-11-19T00:00:00.000000,15,"LOIC, ZOT VAN KOKEN",VTM,17:59:17,00:15:41,203.966
2019-11-19T00:00:00.000000,16,FIRST DATES,EEN,22:51:07,00:45:41,197.194
2019-11-19T00:00:00.000000,17,NEIGHBOURS,EEN,17:00:05,00:21:21,187.728
2019-11-19T00:00:00.000000,18,HET JOURNAAL LAAT,EEN,22:27:16,00:16:41,183.524
2019-11-19T00:00:00.000000,19,TER ZAKE,CANVAS,20:00:05,00:32:20,177.609
2019-11-19T00:00:00.000000,20,WAT EEN DAG,VTM,23:04:13,00:44:34,174.638
2019-11-20T00:00:00.000000,1,THUIS,EEN,20:17:46,00:25:14,1.141.129
2019-11-20T00:00:00.000000,2,DE SLIMSTE MENS TER WERELD,VIER,21:23:31,00:56:39,983.439
2019-11-20T00:00:00.000000,3,IEDEREEN BEROEMD,EEN,19:47:07,00:20:51,976.844
2019-11-20T00:00:00.000000,4,HET 7 UUR-JOURNAAL,EEN,19:00:06,00:43:33,965.305
2019-11-20T00:00:00.000000,5,NIEUWS 19U VTM,VTM,18:59:54,00:51:52,707.728
2019-11-20T00:00:00.000000,6,BLOKKEN,EEN,18:30:47,00:27:14,707.307
2019-11-20T00:00:00.000000,7,CODE VAN COPPENS,VTM,20:38:33,00:52:59,682.690
2019-11-20T00:00:00.000000,8,FAMILIE,VTM,20:02:35,00:24:21,590.055
2019-11-20T00:00:00.000000,9,ANIMALITIS,EEN,20:45:02,00:46:50,517.283
2019-11-20T00:00:00.000000,10,"SERGIO & AXEL, VAN DE KAART",VTM,21:48:33,00:57:23,393.858
2019-11-20T00:00:00.000000,11,DE BUURTPOLITIE,VTM,18:19:47,00:26:29,348.965
2019-11-20T00:00:00.000000,12,HET 1 UUR-JOURNAAL,EEN,13:00:05,00:31:36,323.809
2019-11-20T00:00:00.000000,13,FOREVER YOUNG,VIER,20:40:14,00:33:48,304.524
2019-11-20T00:00:00.000000,14,HET JOURNAAL LAAT,EEN,22:20:45,00:15:46,286.445
2019-11-20T00:00:00.000000,15,FLIKKEN MAASTRICHT,EEN,17:14:58,00:48:02,247.729
2019-11-20T00:00:00.000000,16,EENZAAM,CANVAS,21:20:18,00:36:34,242.878
2019-11-20T00:00:00.000000,17,OOIT VRIJ,VIER,22:29:09,00:45:18,226.994
2019-11-20T00:00:00.000000,18,"LOIC, ZOT VAN KOKEN",VTM,17:59:31,00:15:26,211.692
2019-11-20T00:00:00.000000,19,NIEUWS 13U VTM,VTM,12:59:54,00:27:37,210.575
2019-11-20T00:00:00.000000,20,ROOKIE COPS,EEN,21:34:16,00:45:05,205.524
2019-11-21T00:00:00.000000,1,THUIS,EEN,20:11:59,00:25:25,1.095.321
2019-11-21T00:00:00.000000,2,HET 7 UUR-JOURNAAL,EEN,19:00:06,00:41:37,960.615
2019-11-21T00:00:00.000000,3,DE SLIMSTE MENS TER WERELD,VIER,21:28:03,00:57:52,942.010
2019-11-21T00:00:00.000000,4,IEDEREEN BEROEMD,EEN,19:44:12,00:21:32,882.410
2019-11-21T00:00:00.000000,5,NIEUWS 19U VTM,VTM,18:59:51,00:53:24,731.327
2019-11-21T00:00:00.000000,6,BLOKKEN,EEN,18:29:41,00:27:17,691.085
2019-11-21T00:00:00.000000,7,FAMILIE,VTM,20:04:28,00:24:46,623.892
2019-11-21T00:00:00.000000,8,"STEENRIJK, STRAATARM",VTM,20:40:06,00:41:07,606.552
2019-11-21T00:00:00.000000,9,APPEL D'URGENCE,EEN,20:39:45,00:44:02,522.162
2019-11-21T00:00:00.000000,10,ALLOO BIJ DE WEGPOLITIE,VTM,21:36:51,00:52:37,480.061
2019-11-21T00:00:00.000000,11,DE BUURTPOLITIE,VTM,18:17:58,00:27:44,357.311
2019-11-21T00:00:00.000000,12,HET 1 UUR-JOURNAAL,EEN,13:00:05,00:30:56,324.444
2019-11-21T00:00:00.000000,13,NIVEAU 4,VIER,20:35:14,00:40:53,314.787
2019-11-21T00:00:00.000000,14,HET JOURNAAL LAAT,EEN,22:33:01,00:17:19,302.618
2019-11-21T00:00:00.000000,15,FLIKKEN MAASTRICHT,EEN,17:15:43,00:48:20,252.494
2019-11-21T00:00:00.000000,16,NIEUWS 13U VTM,VTM,12:59:54,00:25:36,243.686
2019-11-21T00:00:00.000000,17,WAT EEN DAG,VTM,22:46:23,00:49:36,239.797
2019-11-21T00:00:00.000000,18,"LOIC, ZOT VAN KOKEN",VTM,17:58:43,00:15:21,224.341
2019-11-21T00:00:00.000000,19,DE AFSPRAAK,CANVAS,20:30:56,00:43:21,222.416
2019-11-21T00:00:00.000000,20,AUWCH,VIER,22:34:21,00:27:28,217.740
2019-11-22T00:00:00.000000,1,THUIS,EEN,20:13:25,00:25:24,1.025.278
2019-11-22T00:00:00.000000,2,HET 7 UUR-JOURNAAL,EEN,19:00:05,00:39:11,816.917
2019-11-22T00:00:00.000000,3,IEDEREEN BEROEMD,EEN,19:43:15,00:21:29,791.194
2019-11-22T00:00:00.000000,4,BELGIUM'S GOT TALENT,VTM,20:41:27,01:29:08,776.562
2019-11-22T00:00:00.000000,5,NIEUWS 19U VTM,VTM,18:59:53,00:51:33,676.161
2019-11-22T00:00:00.000000,6,BLOKKEN,EEN,18:30:28,00:27:14,640.797
2019-11-22T00:00:00.000000,7,FAMILIE,VTM,20:02:22,00:24:56,590.309
2019-11-22T00:00:00.000000,8,LONDON KILLS,EEN,20:41:31,01:30:13,486.538
2019-11-22T00:00:00.000000,9,DE BUURTPOLITIE,VTM,18:19:34,00:26:03,356.868
2019-11-22T00:00:00.000000,10,HET 1 UUR-JOURNAAL,EEN,13:00:05,00:26:55,299.080
2019-11-22T00:00:00.000000,11,THE GOOD DOCTOR,VTM,22:37:47,00:40:34,285.059
2019-11-22T00:00:00.000000,12,NIEUWS 13U VTM,VTM,12:59:54,00:25:35,253.687
2019-11-22T00:00:00.000000,13,FLIKKEN MAASTRICHT,EEN,17:15:02,00:48:25,246.357
2019-11-22T00:00:00.000000,14,SPORTS LATE NIGHT,VIER,23:05:11,00:15:29,223.612
2019-11-22T00:00:00.000000,15,POLDARK,EEN,22:14:50,00:58:35,217.784
2019-11-22T00:00:00.000000,16,HET JOURNAAL LAAT,EEN,23:15:38,00:16:12,195.003
2019-11-22T00:00:00.000000,17,DE AFSPRAAK,CANVAS,20:31:26,00:43:54,183.041
2019-11-22T00:00:00.000000,18,NEIGHBOURS,EEN,16:53:05,00:21:49,160.472
2019-11-22T00:00:00.000000,19,FAIL ARMY,VIER,22:47:29,00:15:17,142.262
2019-11-22T00:00:00.000000,20,TER ZAKE,CANVAS,20:00:05,00:31:21,137.200
2019-11-23T00:00:00.000000,1,HET 7 UUR-JOURNAAL,EEN,19:00:07,00:31:36,608.936
2019-11-23T00:00:00.000000,2,NIEUWS 19U VTM,VTM,18:59:52,00:42:58,578.797
2019-11-23T00:00:00.000000,3,COMEDY TOPPERS,VTM,19:53:39,00:23:50,546.445
2019-11-23T00:00:00.000000,4,FC DE KAMPIOENEN,EEN,20:52:35,00:39:01,544.030
2019-11-23T00:00:00.000000,5,VELDRIJDEN. WACHTEBEKE H.,EEN,14:58:37,01:17:18,477.282
2019-11-23T00:00:00.000000,6,THE SECRET LIFE OF THE ZOO,EEN,20:17:59,00:30:35,419.432
2019-11-23T00:00:00.000000,7,IEDEREEN BEROEMD,EEN,19:39:07,00:29:35,388.087
2019-11-23T00:00:00.000000,8,VELDRIJDEN. WACHTEBEKE D.,EEN,13:43:51,01:00:29,376.657
2019-11-23T00:00:00.000000,9,SPORZA,EEN,13:31:45,00:27:14,373.866
2019-11-23T00:00:00.000000,10,HET 1 UUR-JOURNAAL,EEN,13:00:05,00:24:41,360.543
2019-11-23T00:00:00.000000,11,DE BATTLE,VIER,20:10:14,01:14:19,358.853
2019-11-23T00:00:00.000000,12,LE CLAN DES RENARDS,EEN,18:13:41,00:43:39,349.806
2019-11-23T00:00:00.000000,13,CARDINAL,CANVAS,21:25:22,00:41:32,311.724
2019-11-23T00:00:00.000000,14,BEESTIG,VTM,18:17:21,00:27:23,303.823
2019-11-23T00:00:00.000000,15,NIEUWS 13U VTM,VTM,12:59:54,00:24:54,283.966
2019-11-23T00:00:00.000000,16,SPORTS LATE NIGHT,VIER,23:14:11,00:50:42,279.518
2019-11-23T00:00:00.000000,17,NIGHT AT THE MUSEUM,EEN,21:34:38,01:40:39,261.710
2019-11-23T00:00:00.000000,18,FLIKKEN MAASTRICHT,EEN,17:07:21,00:50:31,239.923
2019-11-23T00:00:00.000000,19,"SPIDER-MAN, HOMECOMING",VTM,20:33:18,02:00:31,208.055
2019-11-23T00:00:00.000000,20,RIJKER DAN JE DENKT?,VTM,17:12:30,00:50:57,205.753
2019-11-24T00:00:00.000000,1,DE TWAALF,EEN,21:03:11,00:45:45,1.051.605
2019-11-24T00:00:00.000000,2,DONDEREN IN KEULEN,EEN,20:02:39,00:57:16,1.020.868
2019-11-24T00:00:00.000000,3,HET 7 UUR-JOURNAAL,EEN,19:00:07,00:22:15,982.311
2019-11-24T00:00:00.000000,4,SPORTWEEKEND,EEN,19:22:30,00:33:06,861.554
2019-11-24T00:00:00.000000,5,NIEUWS 19U VTM,VTM,18:59:54,00:45:28,552.251
2019-11-24T00:00:00.000000,6,VELDRIJDEN. KOKSIJDE H.,EEN,15:01:07,01:21:54,518.002
2019-11-24T00:00:00.000000,7,HET 1 UUR-JOURNAAL,EEN,12:59:56,00:23:26,496.928
2019-11-24T00:00:00.000000,8,MAKE BELGIUM GREAT AGAIN,VTM,19:57:07,01:05:32,434.025
2019-11-24T00:00:00.000000,9,SPORZA,EEN,13:29:25,00:27:53,425.832
2019-11-24T00:00:00.000000,10,VELDRIJDEN. KOKSIJDE D.,EEN,13:30:42,01:08:11,405.924
2019-11-24T00:00:00.000000,11,FLYING TO THE ENDS OF THE EARTH - THE SOUTH PACIFIC,EEN,21:51:40,00:47:02,383.484
2019-11-24T00:00:00.000000,12,DAGELIJKSE KOST,EEN,18:11:26,00:45:22,345.293
2019-11-24T00:00:00.000000,13,VELDLOPEN. ROESELARE (S.),EEN,16:26:54,00:15:28,343.253
2019-11-24T00:00:00.000000,14,HET JOURNAAL LAAT,EEN,22:39:29,00:16:31,291.551
2019-11-24T00:00:00.000000,15,DE ZEVENDE DAG,EEN,11:00:05,01:59:48,282.867
2019-11-24T00:00:00.000000,16,SPECTRE,VTM,21:25:56,02:15:38,269.282
2019-11-24T00:00:00.000000,17,NIEUWS 13U VTM,VTM,12:59:54,00:35:17,264.521
2019-11-24T00:00:00.000000,18,BELGIUM'S GOT TALENT,VTM,17:12:09,01:29:06,225.548
2019-11-24T00:00:00.000000,19,TENNIS. DAVIS CUP - CANADA/SPANJE,EEN,16:43:07,01:20:01,217.889
2019-11-24T00:00:00.000000,20,SPORTS LATE NIGHT,VIER,22:22:03,01:05:00,211.198
2019-11-25T00:00:00.000000,1,THUIS,EEN,20:12:53,00:25:28,1.201.129
2019-11-25T00:00:00.000000,2,HET 7 UUR-JOURNAAL,EEN,19:00:05,00:40:41,1.021.140
2019-11-25T00:00:00.000000,3,DE SLIMSTE MENS TER WERELD,VIER,21:31:15,00:55:18,1.000.412
2019-11-25T00:00:00.000000,4,IEDEREEN BEROEMD,EEN,19:44:44,00:21:20,997.071
2019-11-25T00:00:00.000000,5,BLOKKEN,EEN,18:30:29,00:27:15,762.258
2019-11-25T00:00:00.000000,6,"BOER ZKT VROUW, DE WERELD ROND",VTM,20:44:20,00:55:30,739.732
2019-11-25T00:00:00.000000,7,MIJ OVERKOMT HET NIET,EEN,20:41:59,00:34:19,720.869
2019-11-25T00:00:00.000000,8,FAMILIE,VTM,20:08:09,00:25:13,681.677
2019-11-25T00:00:00.000000,9,NIEUWS 19U VTM,VTM,19:00:00,00:48:13,676.630
2019-11-25T00:00:00.000000,10,OOIT VRIJ,VIER,20:35:14,00:41:28,503.183
2019-11-25T00:00:00.000000,11,DE BUURTPOLITIE,VTM,18:20:47,00:25:23,385.293
2019-11-25T00:00:00.000000,12,HET 1 UUR-JOURNAAL,EEN,13:00:05,00:29:46,338.822
2019-11-25T00:00:00.000000,13,FLIKKEN MAASTRICHT,EEN,17:13:19,00:50:43,279.500
2019-11-25T00:00:00.000000,14,NIEUWS 13U VTM,VTM,12:59:54,00:27:30,262.108
2019-11-25T00:00:00.000000,15,DOSSIER X,VTM,21:58:22,00:45:37,255.834
2019-11-25T00:00:00.000000,16,UNITE 42,EEN,21:19:05,00:49:42,232.039
2019-11-25T00:00:00.000000,17,WISSEL VAN DE MACHT,CANVAS,21:23:44,00:51:30,225.973
2019-11-25T00:00:00.000000,18,EXTRA TIME,CANVAS,22:20:15,01:08:03,214.666
2019-11-25T00:00:00.000000,19,FIRST DATES,EEN,22:32:25,00:45:35,212.370
2019-11-25T00:00:00.000000,20,DE AFSPRAAK,CANVAS,20:31:38,00:46:21,204.251
2019-11-26T00:00:00.000000,1,THUIS,EEN,20:11:54,00:25:19,1.133.031
2019-11-26T00:00:00.000000,2,DE SLIMSTE MENS TER WERELD,VIER,21:14:45,00:55:00,925.460
2019-11-26T00:00:00.000000,3,HET HUIS - WILLY SOMMERS,EEN,20:39:24,00:54:15,846.704
2019-11-26T00:00:00.000000,4,HET 7 UUR-JOURNAAL,EEN,19:00:05,00:38:46,831.290
2019-11-26T00:00:00.000000,5,IEDEREEN BEROEMD,EEN,19:42:17,00:22:10,763.322
2019-11-26T00:00:00.000000,6,BLOKKEN,EEN,18:30:57,00:27:07,736.147
2019-11-26T00:00:00.000000,7,NIEUWS 19U VTM,VTM,18:59:58,00:48:15,605.014
2019-11-26T00:00:00.000000,8,FAMILIE,VTM,20:07:50,00:25:35,590.496
2019-11-26T00:00:00.000000,9,VB. C1 UEFA SCHIFT - GALATASARAY/CL.BRUGGE,VIER,18:55:49,01:41:58,534.364
2019-11-26T00:00:00.000000,10,ANDY OP PATROUILLE,VTM,20:43:34,00:46:00,425.216
2019-11-26T00:00:00.000000,11,HET 1 UUR-JOURNAAL,EEN,13:00:06,00:28:01,387.860
2019-11-26T00:00:00.000000,12,DE BUURTPOLITIE,VTM,18:20:33,00:25:49,331.121
2019-11-26T00:00:00.000000,13,FAROEK,VTM,21:49:11,00:41:52,300.216
2019-11-26T00:00:00.000000,14,FLIKKEN MAASTRICHT,EEN,17:19:03,00:45:00,266.147
2019-11-26T00:00:00.000000,15,NIEUWS 13U VTM,VTM,12:59:54,00:25:11,238.879
2019-11-26T00:00:00.000000,16,DE IDEALE WERELD,CANVAS,22:15:24,00:40:02,233.082
2019-11-26T00:00:00.000000,17,"LOIC, ZOT VAN KOKEN",VTM,17:59:19,00:16:19,215.904
2019-11-26T00:00:00.000000,18,"ZO MAN, ZO VROUW",VIER,22:22:50,00:38:45,204.497
2019-11-26T00:00:00.000000,19,HET JOURNAAL LAAT,EEN,22:26:58,00:16:24,200.874
2019-11-26T00:00:00.000000,20,UEFA CHAMPIONS LEAGUE,VIER,23:12:38,00:30:46,200.025
2019-11-27T00:00:00.000000,1,THUIS,EEN,20:15:10,00:25:03,1.120.566
2019-11-27T00:00:00.000000,2,HET 7 UUR-JOURNAAL,EEN,19:00:09,00:42:25,964.997
2019-11-27T00:00:00.000000,3,IEDEREEN BEROEMD,EEN,19:45:20,00:20:47,964.585
2019-11-27T00:00:00.000000,4,DE SLIMSTE MENS TER WERELD,VIER,21:26:14,00:56:09,949.419
2019-11-27T00:00:00.000000,5,BLOKKEN,EEN,18:31:42,00:26:15,708.909
2019-11-27T00:00:00.000000,6,NIEUWS 19U VTM,VTM,18:59:50,00:49:38,684.855
2019-11-27T00:00:00.000000,7,FAMILIE,VTM,20:09:14,00:24:51,658.759
2019-11-27T00:00:00.000000,8,CODE VAN COPPENS,VTM,20:44:49,00:55:02,655.587
2019-11-27T00:00:00.000000,9,ANIMALITIS,EEN,20:43:36,00:46:04,413.892
2019-11-27T00:00:00.000000,10,VB. C1 UEFA SCHIFT - GENK/SALZBURG,Q2,21:01:18,01:32:47,354.834
2019-11-27T00:00:00.000000,11,HET 1 UUR-JOURNAAL,EEN,13:00:06,00:32:48,338.801
2019-11-27T00:00:00.000000,12,DE BUURTPOLITIE,VTM,18:18:40,00:27:40,305.585
2019-11-27T00:00:00.000000,13,"HELDEN VAN HIER, DOOR HET VUUR",VTM,21:59:44,00:54:16,274.918
2019-11-27T00:00:00.000000,14,DE AFSPRAAK,CANVAS,20:31:44,00:46:47,258.701
2019-11-27T00:00:00.000000,15,FLIKKEN MAASTRICHT,EEN,17:20:03,00:43:59,252.637
2019-11-27T00:00:00.000000,16,FOREVER YOUNG,VIER,20:40:14,00:35:30,239.073
2019-11-27T00:00:00.000000,17,NIEUWS 13U VTM,VTM,12:59:54,00:25:44,238.196
2019-11-27T00:00:00.000000,18,EENZAAM,CANVAS,21:24:21,00:34:52,230.733
2019-11-27T00:00:00.000000,19,OOIT VRIJ,VIER,22:32:48,00:41:28,202.949
2019-11-27T00:00:00.000000,20,VB. C1 UEFA SCHIFT,Q2,20:35:20,01:07:45,190.780
2019-11-28T00:00:00.000000,1,THUIS,EEN,20:13:23,00:25:01,1.064.790
2019-11-28T00:00:00.000000,2,DE SLIMSTE MENS TER WERELD,VIER,21:27:20,00:52:34,973.028
2019-11-28T00:00:00.000000,3,HET 7 UUR-JOURNAAL,EEN,19:00:03,00:40:15,813.072
2019-11-28T00:00:00.000000,4,"BOER ZKT VROUW, DE WERELD ROND",VTM,20:43:20,00:52:39,780.418
2019-11-28T00:00:00.000000,5,IEDEREEN BEROEMD,EEN,19:42:56,00:21:51,777.375
2019-11-28T00:00:00.000000,6,BLOKKEN,EEN,18:29:43,00:27:15,713.265
2019-11-28T00:00:00.000000,7,NIEUWS 19U VTM,VTM,18:59:54,00:48:36,664.111
2019-11-28T00:00:00.000000,8,FAMILIE,VTM,20:08:10,00:25:22,589.243
2019-11-28T00:00:00.000000,9,ALLOO BIJ DE WEGPOLITIE,VTM,21:54:54,00:58:33,459.196
2019-11-28T00:00:00.000000,10,APPEL D'URGENCE,EEN,20:41:29,00:42:57,440.804
2019-11-28T00:00:00.000000,11,HET 1 UUR-JOURNAAL,EEN,13:00:05,00:29:58,357.065
2019-11-28T00:00:00.000000,12,NIVEAU 4,VIER,20:35:15,00:41:04,314.118
2019-11-28T00:00:00.000000,13,VB. C3 UEFA SCHIFT - VITORIA/STANDARD,CANVAS,21:02:45,01:38:47,305.291
2019-11-28T00:00:00.000000,14,FLIKKEN MAASTRICHT,EEN,17:16:42,00:46:50,300.696
2019-11-28T00:00:00.000000,15,DE BUURTPOLITIE,VTM,18:20:17,00:26:13,299.234
2019-11-28T00:00:00.000000,16,NIEUWS 13U VTM,VTM,12:59:53,00:27:15,265.392
2019-11-28T00:00:00.000000,17,"LOIC, ZOT VAN KOKEN",VTM,18:00:23,00:15:26,236.516
2019-11-28T00:00:00.000000,18,VB. C3 UEFA SCHIFT - ST-ETIENNE/GENT (2HT),OP 12,19:56:57,00:49:11,225.945
2019-11-28T00:00:00.000000,19,FIRST DATES,EEN,22:50:36,00:45:41,205.334
2019-11-28T00:00:00.000000,20,VB. C3 UEFA SCHIFT - ST-ETIENNE/GENT (1HT),CANVAS,18:55:29,00:46:10,193.690
2019-11-29T00:00:00.000000,1,THUIS,EEN,20:14:51,00:25:14,1.037.586
2019-11-29T00:00:00.000000,2,HET 7 UUR-JOURNAAL,EEN,19:00:04,00:43:02,862.629
2019-11-29T00:00:00.000000,3,IEDEREEN BEROEMD,EEN,19:45:36,00:21:14,763.682
2019-11-29T00:00:00.000000,4,BLOKKEN,EEN,18:30:38,00:26:37,750.159
2019-11-29T00:00:00.000000,5,NIEUWS 19U VTM,VTM,18:59:55,00:47:30,687.618
2019-11-29T00:00:00.000000,6,"RODE NEUZEN DAG, DE LIVESHOW",VTM,20:40:52,01:38:53,653.101
2019-11-29T00:00:00.000000,7,FAMILIE,VTM,20:03:49,00:25:42,581.125
2019-11-29T00:00:00.000000,8,LONDON KILLS,EEN,20:44:05,01:29:37,442.081
2019-11-29T00:00:00.000000,9,HET 1 UUR-JOURNAAL,EEN,13:00:06,00:29:44,351.604
2019-11-29T00:00:00.000000,10,DE BUURTPOLITIE,VTM,18:22:03,00:23:37,317.642
2019-11-29T00:00:00.000000,11,"RODE NEUZEN DAG, THE BEST OF",VTM,22:48:11,01:22:32,279.089
2019-11-29T00:00:00.000000,12,FLIKKEN MAASTRICHT,EEN,17:19:05,00:44:26,257.837
2019-11-29T00:00:00.000000,13,DE AFSPRAAK,CANVAS,20:36:00,00:40:54,238.997
2019-11-29T00:00:00.000000,14,NIEUWS 13U VTM,VTM,12:59:54,00:26:35,224.238
2019-11-29T00:00:00.000000,15,"LOIC, ZOT VAN KOKEN",VTM,18:02:07,00:15:19,211.951
2019-11-29T00:00:00.000000,16,POLDARK,EEN,22:17:55,00:58:50,197.750
2019-11-29T00:00:00.000000,17,TER ZAKE,CANVAS,20:00:06,00:35:54,172.604
2019-11-29T00:00:00.000000,18,SPORTS LATE NIGHT,VIER,23:12:41,00:15:45,171.589
2019-11-29T00:00:00.000000,19,HET JOURNAAL LAAT,EEN,23:19:40,00:15:59,155.653
2019-11-29T00:00:00.000000,20,BELPOP - LUC DE VOS,CANVAS,21:22:01,00:52:19,147.573
2019-11-30T00:00:00.000000,1,HET 7 UUR-JOURNAAL,EEN,19:00:06,00:33:56,654.086
2019-11-30T00:00:00.000000,2,COMEDY TOPPERS,VTM,19:51:57,00:24:28,524.112
2019-11-30T00:00:00.000000,3,NIEUWS 19U VTM,VTM,18:59:55,00:40:43,511.397
2019-11-30T00:00:00.000000,4,FC DE KAMPIOENEN,EEN,20:56:20,00:34:26,484.842
2019-11-30T00:00:00.000000,5,THE SECRET LIFE OF THE ZOO,EEN,20:22:08,00:30:36,459.437
2019-11-30T00:00:00.000000,6,IEDEREEN BEROEMD,EEN,19:41:24,00:32:03,437.015
2019-11-30T00:00:00.000000,7,VELDRIJDEN. KORTRIJK H.,EEN,14:57:35,01:29:31,381.317
2019-11-30T00:00:00.000000,8,DE BATTLE,VIER,20:25:14,01:18:01,347.535
2019-11-30T00:00:00.000000,9,VELDRIJDEN. KORTRIJK D.,EEN,13:42:58,01:01:17,328.026
2019-11-30T00:00:00.000000,10,HET 1 UUR-JOURNAAL,EEN,13:00:06,00:26:56,316.831
2019-11-30T00:00:00.000000,11,LES MISERABLES,EEN,21:34:23,02:04:38,305.745
2019-11-30T00:00:00.000000,12,SPORZA,EEN,13:34:17,00:22:36,291.152
2019-11-30T00:00:00.000000,13,VB. EK. LOTING,EEN,17:39:32,01:17:41,255.169
2019-11-30T00:00:00.000000,14,BEESTIG,VTM,18:21:58,00:24:18,253.245
2019-11-30T00:00:00.000000,15,CARDINAL,CANVAS,20:38:42,00:41:31,250.983
2019-11-30T00:00:00.000000,16,"STAR WARS, THE FORCE AWAKENS",VTM,20:30:54,02:01:58,230.320
2019-11-30T00:00:00.000000,17,NIEUWS 13U VTM,VTM,12:59:54,00:25:09,211.442
2019-11-30T00:00:00.000000,18,HET JOURNAAL LAAT,EEN,23:40:46,00:16:02,203.311
2019-11-30T00:00:00.000000,19,SPORTS LATE NIGHT,VIER,23:00:08,00:50:07,195.998
2019-11-30T00:00:00.000000,20,VILLA POLITICA,EEN,16:27:55,00:29:03,183.399
2019-12-01T00:00:00.000000,1,DE TWAALF,EEN,21:04:38,00:49:17,1.087.750
2019-12-01T00:00:00.000000,2,DONDEREN IN KEULEN,EEN,20:04:51,00:56:07,1.073.082
2019-12-01T00:00:00.000000,3,SPORTWEEKEND,EEN,19:23:20,00:32:43,1.008.485
2019-12-01T00:00:00.000000,4,HET 7 UUR-JOURNAAL,EEN,19:00:05,00:23:08,997.512
2019-12-01T00:00:00.000000,5,NIEUWS 19U VTM,VTM,18:59:51,00:46:56,600.487
2019-12-01T00:00:00.000000,6,LILI EN MARLEEN,VTM,19:58:02,00:30:00,556.699
2019-12-01T00:00:00.000000,7,HET 1 UUR-JOURNAAL,EEN,13:00:06,00:27:25,499.161
2019-12-01T00:00:00.000000,8,DAGELIJKSE KOST,EEN,18:12:17,00:45:14,464.702
2019-12-01T00:00:00.000000,9,FLYING TO THE ENDS OF THE EARTH - PERU,EEN,21:57:17,00:47:10,368.970
2019-12-01T00:00:00.000000,10,VELDRIJDEN. MOL (S.),EEN,17:08:06,00:29:39,345.005
2019-12-01T00:00:00.000000,11,F1. WK. GP. ABU DHABI (S.),EEN,17:37:57,00:25:02,338.612
2019-12-01T00:00:00.000000,12,DE ZEVENDE DAG,EEN,11:00:06,01:57:38,306.528
2019-12-01T00:00:00.000000,13,HET JOURNAAL LAAT,EEN,22:46:57,00:16:58,298.693
2019-12-01T00:00:00.000000,14,SPORTS LATE NIGHT,VIER,22:24:39,01:09:20,283.105
2019-12-01T00:00:00.000000,15,THE WONDER OF ANIMALS,EEN,13:34:03,00:29:03,279.979
2019-12-01T00:00:00.000000,16,FURIOUS 7,VTM,20:42:27,02:06:00,260.571
2019-12-01T00:00:00.000000,17,DIEREN IN NESTEN,EEN,14:03:40,00:29:49,239.123
2019-12-01T00:00:00.000000,18,NIEUWS 13U VTM,VTM,12:59:54,00:34:11,212.890
2019-12-01T00:00:00.000000,19,INSPECTOR MORSE,EEN,14:34:06,01:38:57,208.330
2019-12-01T00:00:00.000000,20,HET HUIS - WILLY SOMMERS,EEN,16:13:16,00:54:16,203.155
2019-12-02T00:00:00.000000,1,THUIS,EEN,20:14:57,00:24:59,1.195.995
2019-12-02T00:00:00.000000,2,HET 7 UUR-JOURNAAL,EEN,19:00:04,00:43:47,1.058.798
2019-12-02T00:00:00.000000,3,DE SLIMSTE MENS TER WERELD,VIER,21:31:13,00:56:44,1.013.655
2019-12-02T00:00:00.000000,4,IEDEREEN BEROEMD,EEN,19:47:30,00:20:41,986.310
2019-12-02T00:00:00.000000,5,BLOKKEN,EEN,18:29:47,00:27:16,776.324
2019-12-02T00:00:00.000000,6,HOE ZAL IK HET ZEGGEN?,VTM,20:41:00,00:54:10,733.144
2019-12-02T00:00:00.000000,7,NIEUWS 19U VTM,VTM,18:59:49,00:53:32,715.922
2019-12-02T00:00:00.000000,8,FAMILIE,VTM,20:04:39,00:25:30,633.901
2019-12-02T00:00:00.000000,9,MIJ OVERKOMT HET NIET,EEN,20:42:34,00:37:56,621.079
2019-12-02T00:00:00.000000,10,OOIT VRIJ,VIER,20:35:14,00:42:03,473.589
2019-12-02T00:00:00.000000,11,HET 1 UUR-JOURNAAL,EEN,13:00:06,00:30:02,333.155
2019-12-02T00:00:00.000000,12,DE BUURTPOLITIE,VTM,18:23:02,00:24:29,317.210
2019-12-02T00:00:00.000000,13,EXTRA TIME,CANVAS,22:17:00,01:11:06,303.459
2019-12-02T00:00:00.000000,14,DE AFSPRAAK,CANVAS,20:31:07,00:45:58,294.193
2019-12-02T00:00:00.000000,15,UNITE 42,EEN,21:24:17,00:47:45,275.487
2019-12-02T00:00:00.000000,16,FLIKKEN MAASTRICHT,EEN,17:20:24,00:42:35,249.214
2019-12-02T00:00:00.000000,17,WISSEL VAN DE MACHT,CANVAS,21:21:59,00:51:06,244.840
2019-12-02T00:00:00.000000,18,DOSSIER X,VTM,21:51:53,00:46:30,233.338
2019-12-02T00:00:00.000000,19,NIEUWS 13U VTM,VTM,12:59:54,00:27:39,227.270
2019-12-02T00:00:00.000000,20,TER ZAKE,CANVAS,20:00:05,00:31:02,223.083
2019-12-03T00:00:00.000000,1,THUIS,EEN,20:14:18,00:24:41,1.164.454
2019-12-03T00:00:00.000000,2,HET 7 UUR-JOURNAAL,EEN,19:00:05,00:41:29,1.000.571
2019-12-03T00:00:00.000000,3,HET HUIS - WOUT VAN AERT,EEN,20:41:26,00:57:14,975.965
2019-12-03T00:00:00.000000,4,IEDEREEN BEROEMD,EEN,19:45:01,00:22:00,974.219
2019-12-03T00:00:00.000000,5,DE SLIMSTE MENS TER WERELD,VIER,21:24:34,00:52:28,869.241
2019-12-03T00:00:00.000000,6,NIEUWS 19U VTM,VTM,18:59:53,00:51:51,774.354
2019-12-03T00:00:00.000000,7,BLOKKEN,EEN,18:29:34,00:27:15,756.606
2019-12-03T00:00:00.000000,8,FAMILIE,VTM,20:03:24,00:25:10,624.680
2019-12-03T00:00:00.000000,9,ANDY OP PATROUILLE,VTM,20:39:33,00:47:35,476.511
2019-12-03T00:00:00.000000,10,VB. BB. 1/8F - ANTWERP/GENK,CANVAS,20:47:08,02:09:45,471.946
2019-12-03T00:00:00.000000,11,VB. BB. 1/8F,CANVAS,20:34:50,00:37:58,391.788
2019-12-03T00:00:00.000000,12,DE BUURTPOLITIE,VTM,18:20:57,00:26:19,374.150
2019-12-03T00:00:00.000000,13,VB. BB. 1/8F - PAUSE,CANVAS,21:44:23,00:16:17,347.007
2019-12-03T00:00:00.000000,14,FAROEK,VTM,21:46:48,00:43:57,319.458
2019-12-03T00:00:00.000000,15,HET 1 UUR-JOURNAAL,EEN,13:00:05,00:25:58,288.481
2019-12-03T00:00:00.000000,16,FLIKKEN MAASTRICHT,EEN,17:19:42,00:43:12,268.460
2019-12-03T00:00:00.000000,17,NIEUWS 13U VTM,VTM,12:59:54,00:25:45,240.979
2019-12-03T00:00:00.000000,18,BORDER SECURITY (AUS),VTM,17:55:29,00:21:41,204.933
2019-12-03T00:00:00.000000,19,HET JOURNAAL LAAT,EEN,22:37:05,00:17:06,193.320
2019-12-03T00:00:00.000000,20,ASPE,VTM,16:37:38,00:48:15,164.062
2019-12-04T00:00:00.000000,1,THUIS,EEN,20:15:52,00:24:33,1.101.450
2019-12-04T00:00:00.000000,2,HET 7 UUR-JOURNAAL,EEN,19:00:05,00:41:47,983.697
2019-12-04T00:00:00.000000,3,IEDEREEN BEROEMD,EEN,19:45:17,00:21:37,962.226
2019-12-04T00:00:00.000000,4,DE SLIMSTE MENS TER WERELD,VIER,21:24:39,00:56:31,876.863
2019-12-04T00:00:00.000000,5,BLOKKEN,EEN,18:31:11,00:27:11,754.437
2019-12-04T00:00:00.000000,6,NIEUWS 19U VTM,VTM,18:59:57,00:52:38,640.811
2019-12-04T00:00:00.000000,7,CODE VAN COPPENS,VTM,20:40:11,00:50:24,615.192
2019-12-04T00:00:00.000000,8,FAMILIE,VTM,20:03:45,00:25:45,593.417
2019-12-04T00:00:00.000000,9,VB. BB. 1/8F - OOSTENDE/CL.BRUGGE,Q2,20:30:40,02:12:56,427.224
2019-12-04T00:00:00.000000,10,ANIMALITIS,EEN,20:43:44,00:47:39,413.881
2019-12-04T00:00:00.000000,11,20 ANS DEJA! PHILIPPE ET MATHILDE,EEN,21:34:44,00:50:23,362.095
2019-12-04T00:00:00.000000,12,HET 1 UUR-JOURNAAL,EEN,13:00:06,00:28:09,309.552
2019-12-04T00:00:00.000000,13,DE BUURTPOLITIE,VTM,18:20:21,00:26:48,273.328
2019-12-04T00:00:00.000000,14,NIEUWS 13U VTM,VTM,12:59:54,00:25:08,267.871
2019-12-04T00:00:00.000000,15,FOREVER YOUNG,VIER,20:40:00,00:32:12,258.760
2019-12-04T00:00:00.000000,16,FLIKKEN MAASTRICHT,EEN,17:16:02,00:48:00,258.380
2019-12-04T00:00:00.000000,17,HET JOURNAAL LAAT,EEN,22:26:52,00:16:46,243.126
2019-12-04T00:00:00.000000,18,DE AFSPRAAK,CANVAS,20:33:58,00:39:36,225.179
2019-12-04T00:00:00.000000,19,"HELDEN VAN HIER, DOOR HET VUUR",VTM,21:49:45,00:51:30,209.642
2019-12-04T00:00:00.000000,20,VB. BB. 1/8F,Q2,20:10:23,00:31:56,194.321
2019-12-05T00:00:00.000000,1,THUIS,EEN,20:15:27,00:24:42,1.086.432
2019-12-05T00:00:00.000000,2,HET 7 UUR-JOURNAAL,EEN,19:00:04,00:42:17,1.028.872
2019-12-05T00:00:00.000000,3,DE SLIMSTE MENS TER WERELD,VIER,21:29:33,00:55:27,978.722
2019-12-05T00:00:00.000000,4,IEDEREEN BEROEMD,EEN,19:45:41,00:21:52,886.442
2019-12-05T00:00:00.000000,5,BLOKKEN,EEN,18:30:19,00:27:16,787.867
2019-12-05T00:00:00.000000,6,NIEUWS 19U VTM,VTM,18:59:53,00:52:59,691.203
2019-12-05T00:00:00.000000,7,FAMILIE,VTM,20:03:52,00:25:37,654.372
2019-12-05T00:00:00.000000,8,APPEL D'URGENCE,EEN,20:43:01,00:45:52,489.602
2019-12-05T00:00:00.000000,9,VB. BB. 1/8F - MOUSCRON/ANDERLECHT,Q2,20:47:02,01:40:05,450.030
2019-12-05T00:00:00.000000,10,"STEENRIJK, STRAATARM",VTM,20:39:34,00:41:37,442.125
2019-12-05T00:00:00.000000,11,DE BUURTPOLITIE,VTM,18:21:14,00:26:03,360.694
2019-12-05T00:00:00.000000,12,HET 1 UUR-JOURNAAL,EEN,13:00:05,00:26:31,324.367
2019-12-05T00:00:00.000000,13,NIVEAU 4,VIER,20:35:06,00:40:35,267.530
2019-12-05T00:00:00.000000,14,ALLOO BIJ... - AN LEMMENS,VTM,21:40:33,00:55:08,254.826
2019-12-05T00:00:00.000000,15,NIEUWS 13U VTM,VTM,12:59:53,00:27:08,247.339
2019-12-05T00:00:00.000000,16,VB. BB. 1/8F,Q2,20:20:23,00:39:54,228.003
2019-12-05T00:00:00.000000,17,FLIKKEN MAASTRICHT,EEN,17:09:52,00:50:22,226.331
2019-12-05T00:00:00.000000,18,DE AFSPRAAK,CANVAS,20:31:04,00:44:24,213.922
2019-12-05T00:00:00.000000,19,AUWCH,VIER,22:39:27,00:25:15,206.503
2019-12-05T00:00:00.000000,20,FIRST DATES,EEN,22:55:37,00:45:47,179.877
2019-12-06T00:00:00.000000,1,THUIS,EEN,20:15:24,00:25:09,1.032.200
2019-12-06T00:00:00.000000,2,HET 7 UUR-JOURNAAL,EEN,19:00:05,00:42:25,877.229
2019-12-06T00:00:00.000000,3,IEDEREEN BEROEMD,EEN,19:46:30,00:20:13,847.008
2019-12-06T00:00:00.000000,4,BELGIUM'S GOT TALENT,VTM,20:39:48,01:27:09,775.163
2019-12-06T00:00:00.000000,5,BLOKKEN,EEN,18:30:13,00:27:17,693.654
2019-12-06T00:00:00.000000,6,FAMILIE,VTM,20:02:25,00:25:03,590.175
2019-12-06T00:00:00.000000,7,NIEUWS 19U VTM,VTM,18:59:53,00:51:48,570.480
2019-12-06T00:00:00.000000,8,MIDSOMER MURDERS,EEN,20:43:59,01:29:03,535.812
2019-12-06T00:00:00.000000,9,HET 1 UUR-JOURNAAL,EEN,13:00:05,00:27:49,390.934
2019-12-06T00:00:00.000000,10,DE BUURTPOLITIE,VTM,18:20:55,00:26:49,285.195
2019-12-06T00:00:00.000000,11,NIEUWS 13U VTM,VTM,12:59:54,00:26:15,251.420
2019-12-06T00:00:00.000000,12,FLIKKEN MAASTRICHT,EEN,17:17:32,00:46:30,240.575
2019-12-06T00:00:00.000000,13,DE AFSPRAAK,CANVAS,20:36:02,00:40:53,230.970
2019-12-06T00:00:00.000000,14,HET JOURNAAL LAAT,EEN,23:17:36,00:17:29,227.171
2019-12-06T00:00:00.000000,15,THE GOOD DOCTOR,VTM,22:33:00,00:40:36,226.860
2019-12-06T00:00:00.000000,16,POLDARK,EEN,22:16:49,00:58:12,196.734
2019-12-06T00:00:00.000000,17,SPORTS LATE NIGHT,VIER,23:08:41,00:15:45,177.276
2019-12-06T00:00:00.000000,18,BORDER SECURITY (AUS),VTM,17:56:15,00:20:53,173.251
2019-12-06T00:00:00.000000,19,TER ZAKE,CANVAS,20:00:05,00:35:57,169.310
2019-12-06T00:00:00.000000,20,NEIGHBOURS,EEN,16:55:46,00:21:38,144.420
2019-12-07T00:00:00.000000,1,HET 7 UUR-JOURNAAL,EEN,19:00:05,00:33:07,765.868
2019-12-07T00:00:00.000000,2,COMEDY TOPPERS,VTM,19:52:48,00:24:28,544.279
2019-12-07T00:00:00.000000,3,NIEUWS 19U VTM,VTM,18:59:54,00:42:17,540.058
2019-12-07T00:00:00.000000,4,FC DE KAMPIOENEN,EEN,20:53:54,00:37:32,455.467
2019-12-07T00:00:00.000000,5,IEDEREEN BEROEMD,EEN,19:40:44,00:29:41,437.806
2019-12-07T00:00:00.000000,6,THE SECRET LIFE OF THE ZOO,EEN,20:19:01,00:30:22,436.729
2019-12-07T00:00:00.000000,7,LE SOMMEIL DES ANIMAUX,EEN,18:13:35,00:43:23,381.186
2019-12-07T00:00:00.000000,8,VELDRIJDEN. ESSEN H.,VTM,14:58:33,01:11:00,372.002
2019-12-07T00:00:00.000000,9,HET 1 UUR-JOURNAAL,EEN,13:00:05,00:26:44,364.447
2019-12-07T00:00:00.000000,10,DE BATTLE,VIER,20:25:14,01:16:34,352.195
2019-12-07T00:00:00.000000,11,SPORTS LATE NIGHT,VIER,23:06:54,00:54:15,294.482
2019-12-07T00:00:00.000000,12,VELDRIJDEN. ESSEN D.,VTM,13:43:21,00:56:20,257.458
2019-12-07T00:00:00.000000,13,VELDRIJDEN. ESSEN,VTM,13:33:58,00:32:19,240.811
2019-12-07T00:00:00.000000,14,EVEREST,EEN,21:33:48,01:50:40,238.604
2019-12-07T00:00:00.000000,15,CARDINAL,CANVAS,20:37:56,00:41:31,223.482
2019-12-07T00:00:00.000000,16,BEESTIG,VTM,18:19:32,00:27:06,217.734
2019-12-07T00:00:00.000000,17,NIEUWS 13U VTM,VTM,12:59:54,00:24:26,214.742
2019-12-07T00:00:00.000000,18,FLIKKEN MAASTRICHT,EEN,17:09:57,00:47:58,213.037
2019-12-07T00:00:00.000000,19,"ROGUE ONE, A STAR WARS STORY",VTM,20:32:28,02:00:47,209.597
2019-12-07T00:00:00.000000,20,VRANCKX,CANVAS,20:09:31,00:25:55,204.534
2019-12-08T00:00:00.000000,1,KAMP WAES,EEN,20:05:13,00:49:58,1.494.074
2019-12-08T00:00:00.000000,2,DE TWAALF,EEN,20:58:18,00:46:18,1.086.346
2019-12-08T00:00:00.000000,3,HET 7 UUR-JOURNAAL,EEN,19:00:05,00:21:44,928.096
2019-12-08T00:00:00.000000,4,SPORTWEEKEND,EEN,19:21:57,00:35:14,860.399
2019-12-08T00:00:00.000000,5,LILI EN MARLEEN,VTM,19:55:36,00:26:57,604.554
2019-12-08T00:00:00.000000,6,NIEUWS 19U VTM,VTM,18:59:52,00:45:38,549.652
2019-12-08T00:00:00.000000,7,HET 1 UUR-JOURNAAL,EEN,13:00:05,00:25:23,512.468
2019-12-08T00:00:00.000000,8,DAGELIJKSE KOST,EEN,18:11:39,00:45:10,371.952
2019-12-08T00:00:00.000000,9,GREAT AUSTRALIAN RAILWAY JOURNEYS,EEN,21:47:42,00:58:51,371.630
2019-12-08T00:00:00.000000,10,BAYWATCH,VTM,20:37:14,01:46:56,305.140
2019-12-08T00:00:00.000000,11,DE ZEVENDE DAG,EEN,11:00:05,01:57:42,287.442
2019-12-08T00:00:00.000000,12,NIEUWS 13U VTM,VTM,12:59:54,00:30:32,259.708
2019-12-08T00:00:00.000000,13,SPORTS LATE NIGHT,VIER,22:47:07,01:00:26,246.040
2019-12-08T00:00:00.000000,14,HET HUIS - DINA TERSAGO,EEN,17:07:57,00:54:04,243.019
2019-12-08T00:00:00.000000,15,THE WONDER OF ANIMALS,EEN,16:37:40,00:28:57,242.897
2019-12-08T00:00:00.000000,16,VELDLOPEN. EK. LISSABON H.,EEN,13:34:03,00:34:18,223.231
2019-12-08T00:00:00.000000,17,VELDRIJDEN. ZONHOVEN H.,EEN,16:10:14,00:21:15,215.298
2019-12-08T00:00:00.000000,18,RUSSIA WITH SIMON REEVE,CANVAS,21:03:41,00:58:40,203.124
2019-12-08T00:00:00.000000,19,BELGIUM'S GOT TALENT,VTM,17:16:55,01:27:10,185.097
2019-12-08T00:00:00.000000,20,VELDLOPEN. EK. LISSABON,EEN,14:08:56,00:20:44,154.048
2019-12-09T00:00:00.000000,1,THUIS,EEN,20:15:42,00:24:33,1.191.804
2019-12-09T00:00:00.000000,2,DE SLIMSTE MENS TER WERELD,VIER,21:33:59,00:56:13,1.029.028
2019-12-09T00:00:00.000000,3,IEDEREEN BEROEMD,EEN,19:44:55,00:22:16,1.012.752
2019-12-09T00:00:00.000000,4,HET 7 UUR-JOURNAAL,EEN,19:00:03,00:40:48,1.010.181
2019-12-09T00:00:00.000000,5,BLOKKEN,EEN,18:29:29,00:27:14,795.620
2019-12-09T00:00:00.000000,6,NIEUWS 19U VTM,VTM,18:59:56,00:52:11,782.700
2019-12-09T00:00:00.000000,7,MIJ OVERKOMT HET NIET,EEN,20:42:34,00:35:37,720.946
2019-12-09T00:00:00.000000,8,FAMILIE,VTM,20:03:31,00:25:41,675.103
2019-12-09T00:00:00.000000,9,HOE ZAL IK HET ZEGGEN?,VTM,20:39:47,00:54:34,666.861
2019-12-09T00:00:00.000000,10,OOIT VRIJ,VIER,20:35:14,00:43:11,503.501
2019-12-09T00:00:00.000000,11,HET 1 UUR-JOURNAAL,EEN,13:00:04,00:30:15,363.823
2019-12-09T00:00:00.000000,12,FLIKKEN MAASTRICHT,EEN,17:14:51,00:48:46,312.041
2019-12-09T00:00:00.000000,13,DE BUURTPOLITIE,VTM,18:22:19,00:24:36,305.314
2019-12-09T00:00:00.000000,14,NIEUWS 13U VTM,VTM,12:59:54,00:24:43,280.567
2019-12-09T00:00:00.000000,15,WISSEL VAN DE MACHT,CANVAS,21:21:35,00:51:27,257.151
2019-12-09T00:00:00.000000,16,UNITE 42,EEN,21:21:45,00:49:22,254.290
2019-12-09T00:00:00.000000,17,EXTRA TIME,CANVAS,22:17:32,01:06:02,217.695
2019-12-09T00:00:00.000000,18,HET JOURNAAL LAAT,EEN,22:12:24,00:16:49,215.158
2019-12-09T00:00:00.000000,19,DE AFSPRAAK,CANVAS,20:33:11,00:44:17,213.026
2019-12-09T00:00:00.000000,20,BORDER SECURITY (AUS),VTM,17:57:10,00:21:41,195.507
2019-12-10T00:00:00.000000,1,THUIS,EEN,20:17:00,00:25:20,1.082.071
2019-12-10T00:00:00.000000,2,DE SLIMSTE MENS TER WERELD,VIER,21:18:18,00:58:51,998.399
2019-12-10T00:00:00.000000,3,HET 7 UUR-JOURNAAL,EEN,19:00:06,00:43:25,929.451
2019-12-10T00:00:00.000000,4,IEDEREEN BEROEMD,EEN,19:48:12,00:21:27,839.304
2019-12-10T00:00:00.000000,5,HET HUIS - MARC HERREMANS,EEN,20:45:55,00:54:53,754.521
2019-12-10T00:00:00.000000,6,BLOKKEN,EEN,18:31:25,00:27:08,753.306
2019-12-10T00:00:00.000000,7,NIEUWS 19U VTM,VTM,18:59:57,00:53:50,712.477
2019-12-10T00:00:00.000000,8,FAMILIE,VTM,20:05:17,00:25:42,646.469
2019-12-10T00:00:00.000000,9,ANDY OP PATROUILLE,VTM,20:42:10,00:49:27,468.946
2019-12-10T00:00:00.000000,10,HET JOURNAAL LAAT,EEN,22:33:33,00:16:46,339.442
2019-12-10T00:00:00.000000,11,DE BUURTPOLITIE,VTM,18:20:03,00:26:24,333.205
2019-12-10T00:00:00.000000,12,HET 1 UUR-JOURNAAL,EEN,13:00:04,00:27:14,321.293
2019-12-10T00:00:00.000000,13,FAROEK,VTM,21:52:20,00:42:33,305.175
2019-12-10T00:00:00.000000,14,VB. C1 UEFA SCHIFT - NAPELS/GENK,VIER,18:55:31,01:32:56,288.446
2019-12-10T00:00:00.000000,15,FLIKKEN MAASTRICHT,EEN,17:19:38,00:44:24,282.365
2019-12-10T00:00:00.000000,16,DE AFSPRAAK,CANVAS,20:34:21,00:45:58,277.817
2019-12-10T00:00:00.000000,17,NIEUWS 13U VTM,VTM,12:59:54,00:24:23,240.365
2019-12-10T00:00:00.000000,18,"ZO MAN, ZO VROUW",VIER,22:40:50,00:37:01,197.798
2019-12-10T00:00:00.000000,19,BORDER SECURITY (AUS),VTM,17:55:11,00:21:05,187.413
2019-12-10T00:00:00.000000,20,FIRST DATES,EEN,22:58:15,00:45:40,182.971
2019-12-11T00:00:00.000000,1,THUIS,EEN,20:16:58,00:25:10,1.151.359
2019-12-11T00:00:00.000000,2,DE SLIMSTE MENS TER WERELD,VIER,21:27:06,00:58:26,948.937
2019-12-11T00:00:00.000000,3,IEDEREEN BEROEMD,EEN,19:45:28,00:20:59,927.458
2019-12-11T00:00:00.000000,4,HET 7 UUR-JOURNAAL,EEN,19:00:05,00:42:21,908.562
2019-12-11T00:00:00.000000,5,BLOKKEN,EEN,18:29:23,00:27:17,702.598
2019-12-11T00:00:00.000000,6,NIEUWS 19U VTM,VTM,18:59:57,00:53:19,693.368
2019-12-11T00:00:00.000000,7,FAMILIE,VTM,20:04:27,00:24:55,659.790
2019-12-11T00:00:00.000000,8,VB. C1 UEFA SCHIFT - CL.BRUGGE/R.MADRID,Q2,21:00:29,01:35:49,588.627
2019-12-11T00:00:00.000000,9,CODE VAN COPPENS,VTM,20:40:23,00:49:47,544.082
2019-12-11T00:00:00.000000,10,HET 1 UUR-JOURNAAL,EEN,13:00:05,00:31:20,401.382
2019-12-11T00:00:00.000000,11,ANIMALITIS,EEN,20:45:56,00:44:26,395.171
2019-12-11T00:00:00.000000,12,DE BUURTPOLITIE,VTM,18:20:56,00:26:07,313.812
2019-12-11T00:00:00.000000,13,"HELDEN VAN HIER, DOOR HET VUUR",VTM,21:50:57,00:48:06,280.952
2019-12-11T00:00:00.000000,14,FLIKKEN MAASTRICHT,EEN,17:12:51,00:50:01,271.583
2019-12-11T00:00:00.000000,15,NIEUWS 13U VTM,VTM,12:59:54,00:26:50,265.509
2019-12-11T00:00:00.000000,16,FOREVER YOUNG,VIER,20:40:02,00:33:31,260.461
2019-12-11T00:00:00.000000,17,VB. C1 UEFA SCHIFT,Q2,20:35:18,01:00:23,234.901
2019-12-11T00:00:00.000000,18,TELEFACTS,VTM,22:57:21,00:43:43,225.040
2019-12-11T00:00:00.000000,19,BORDER SECURITY (AUS),VTM,17:55:44,00:21:23,194.958
2019-12-11T00:00:00.000000,20,TER ZAKE,CANVAS,20:00:05,00:33:11,193.187
2019-12-12T00:00:00.000000,1,THUIS,EEN,20:14:40,00:25:24,1.090.179
2019-12-12T00:00:00.000000,2,DE SLIMSTE MENS TER WERELD,VIER,21:27:07,00:57:48,1.030.927
2019-12-12T00:00:00.000000,3,HET 7 UUR-JOURNAAL,EEN,19:00:04,00:40:49,896.659
2019-12-12T00:00:00.000000,4,IEDEREEN BEROEMD,EEN,19:45:53,00:20:55,839.864
2019-12-12T00:00:00.000000,5,BLOKKEN,EEN,18:29:40,00:27:26,694.948
2019-12-12T00:00:00.000000,6,VANDAAG OVER EEN JAAR,EEN,20:42:42,00:50:31,650.471
2019-12-12T00:00:00.000000,7,FAMILIE,VTM,20:03:34,00:25:15,616.410
2019-12-12T00:00:00.000000,8,NIEUWS 19U VTM,VTM,18:59:53,00:52:25,604.721
2019-12-12T00:00:00.000000,9,"STEENRIJK, STRAATARM",VTM,20:39:51,00:41:31,437.658
2019-12-12T00:00:00.000000,10,"ABBA FOREVER, THE WINNER TAKES IT ALL",EEN,21:36:35,00:51:03,362.611
2019-12-12T00:00:00.000000,11,DE BUURTPOLITIE,VTM,18:20:25,00:25:04,339.698
2019-12-12T00:00:00.000000,12,HET 1 UUR-JOURNAAL,EEN,13:00:05,00:28:48,339.057
2019-12-12T00:00:00.000000,13,VB. C3 UEFA SCHIFT - GENT/OLEKSANDRIA (2HT),CANVAS,21:11:49,01:22:00,317.467
2019-12-12T00:00:00.000000,14,ALLOO BIJ... - BART KAELL,VTM,21:42:45,00:54:34,275.449
2019-12-12T00:00:00.000000,15,FLIKKEN MAASTRICHT,EEN,17:18:37,00:44:54,260.159
2019-12-12T00:00:00.000000,16,NIEUWS 13U VTM,VTM,12:59:54,00:25:31,251.425
2019-12-12T00:00:00.000000,17,AUWCH,VIER,22:42:40,00:25:55,239.794
2019-12-12T00:00:00.000000,18,NIVEAU 4,VIER,20:35:14,00:37:00,234.252
2019-12-12T00:00:00.000000,19,HET JOURNAAL LAAT,EEN,22:30:18,00:16:43,218.102
2019-12-12T00:00:00.000000,20,VB. C3 UEFA SCHIFT - STANDARD/ARSENAL (2HT),OP 12,19:57:06,00:47:21,217.034
2019-12-13T00:00:00.000000,1,THUIS,EEN,20:17:29,00:25:30,1.067.766
2019-12-13T00:00:00.000000,2,HET 7 UUR-JOURNAAL,EEN,19:00:06,00:42:46,875.261
2019-12-13T00:00:00.000000,3,IEDEREEN BEROEMD,EEN,19:48:22,00:20:56,820.798
2019-12-13T00:00:00.000000,4,BELGIUM'S GOT TALENT,VTM,20:42:42,01:29:05,739.192
2019-12-13T00:00:00.000000,5,BLOKKEN,EEN,18:30:06,00:27:10,696.052
2019-12-13T00:00:00.000000,6,NIEUWS 19U VTM,VTM,18:59:53,00:51:53,632.976
2019-12-13T00:00:00.000000,7,FAMILIE,VTM,20:02:26,00:25:39,553.451
2019-12-13T00:00:00.000000,8,MIDSOMER MURDERS,EEN,20:45:59,01:29:15,503.638
2019-12-13T00:00:00.000000,9,HET 1 UUR-JOURNAAL,EEN,13:00:05,00:27:26,389.862
2019-12-13T00:00:00.000000,10,DE BUURTPOLITIE,VTM,18:21:11,00:25:35,303.374
2019-12-13T00:00:00.000000,11,THE GOOD DOCTOR,VTM,22:36:51,00:40:36,300.810
2019-12-13T00:00:00.000000,12,FLIKKEN MAASTRICHT,EEN,17:15:28,00:48:04,294.429
2019-12-13T00:00:00.000000,13,NIEUWS 13U VTM,VTM,12:59:54,00:27:03,258.053
2019-12-13T00:00:00.000000,14,DE AFSPRAAK,CANVAS,20:30:48,00:44:32,214.033
2019-12-13T00:00:00.000000,15,POLDARK,EEN,22:18:33,00:59:12,207.726
2019-12-13T00:00:00.000000,16,BORDER SECURITY (AUS),VTM,17:55:14,00:21:56,200.964
2019-12-13T00:00:00.000000,17,SPORTS LATE NIGHT,VIER,23:25:09,00:17:26,191.053
2019-12-13T00:00:00.000000,18,TER ZAKE,CANVAS,20:00:08,00:30:40,170.041
2019-12-13T00:00:00.000000,19,ASPE,VTM,16:40:11,00:45:47,150.609
2019-12-13T00:00:00.000000,20,WITTEKERKE,VTM,14:16:21,00:48:17,145.578
2019-12-14T00:00:00.000000,1,HET 7 UUR-JOURNAAL,EEN,19:00:05,00:33:02,711.572
2019-12-14T00:00:00.000000,2,COMEDY TOPPERS,VTM,19:54:12,00:23:59,561.850
2019-12-14T00:00:00.000000,3,NIEUWS 19U VTM,VTM,18:59:53,00:42:14,545.694
2019-12-14T00:00:00.000000,4,FC DE KAMPIOENEN,EEN,20:57:24,00:31:55,541.594
2019-12-14T00:00:00.000000,5,VELDRIJDEN. RONSE H.,EEN,14:58:05,01:14:05,510.078
2019-12-14T00:00:00.000000,6,THE SECRET LIFE OF THE ZOO,EEN,20:22:15,00:31:13,446.889
2019-12-14T00:00:00.000000,7,VELDRIJDEN. RONSE D.,EEN,13:41:53,01:09:21,407.013
2019-12-14T00:00:00.000000,8,MAGICAL ICELAND,EEN,18:12:44,00:43:54,395.939
2019-12-14T00:00:00.000000,9,IEDEREEN BEROEMD,EEN,19:41:10,00:31:23,356.349
2019-12-14T00:00:00.000000,10,SPORZA,EEN,13:32:11,00:24:59,354.119
2019-12-14T00:00:00.000000,11,BRIDGET JONES'S BABY,VTM,20:35:35,01:50:29,340.794
2019-12-14T00:00:00.000000,12,HET 1 UUR-JOURNAAL,EEN,13:00:05,00:25:05,322.326
2019-12-14T00:00:00.000000,13,FLIKKEN MAASTRICHT,EEN,17:13:25,00:43:43,288.190
2019-12-14T00:00:00.000000,14,OLIVER TWIST,EEN,21:33:38,02:00:49,285.955
2019-12-14T00:00:00.000000,15,DEN DOENDE DETEKTIVEN,CANVAS,20:37:46,01:23:08,282.789
2019-12-14T00:00:00.000000,16,NIEUWS 13U VTM,VTM,12:59:54,00:26:05,280.291
2019-12-14T00:00:00.000000,17,SPORTS LATE NIGHT,VIER,23:02:19,00:43:37,241.948
2019-12-14T00:00:00.000000,18,BEESTIG,VTM,18:20:23,00:25:27,232.016
2019-12-14T00:00:00.000000,19,HET JOURNAAL LAAT,EEN,23:37:37,00:17:34,216.006
2019-12-14T00:00:00.000000,20,DIEREN IN NESTEN,EEN,16:51:53,00:20:27,171.619
2019-12-15T00:00:00.000000,1,KAMP WAES,EEN,20:01:37,00:53:00,1.475.028
2019-12-15T00:00:00.000000,2,DE TWAALF,EEN,20:58:19,00:45:44,967.387
2019-12-15T00:00:00.000000,3,HET 7 UUR-JOURNAAL,EEN,19:00:05,00:22:00,878.916
2019-12-15T00:00:00.000000,4,SPORTWEEKEND,EEN,19:22:05,00:32:11,819.826
2019-12-15T00:00:00.000000,5,VELDRIJDEN. OVERIJSE H.,EEN,14:57:58,01:08:13,613.826
2019-12-15T00:00:00.000000,6,NIEUWS 19U VTM,VTM,18:59:55,00:46:19,566.046
2019-12-15T00:00:00.000000,7,LILI EN MARLEEN,VTM,19:57:59,00:29:09,563.176
2019-12-15T00:00:00.000000,8,HET 1 UUR-JOURNAAL,EEN,13:00:00,00:25:47,531.041
2019-12-15T00:00:00.000000,9,VELDRIJDEN. OVERIJSE D.,EEN,13:42:13,01:06:15,528.453
2019-12-15T00:00:00.000000,10,SPORZA,EEN,13:32:18,00:25:44,485.257
2019-12-15T00:00:00.000000,11,GREAT AUSTRALIAN RAILWAY JOURNEYS,EEN,21:47:01,00:58:54,409.384
2019-12-15T00:00:00.000000,12,DAGELIJKSE KOST,EEN,18:11:43,00:45:22,374.992
2019-12-15T00:00:00.000000,13,"INDEPENDENCE DAY, RESURGENCE",VTM,20:42:11,01:45:30,324.914
2019-12-15T00:00:00.000000,14,DE ZEVENDE DAG,EEN,11:00:09,01:58:28,323.761
2019-12-15T00:00:00.000000,15,NIEUWS 13U VTM,VTM,12:59:54,00:32:11,273.468
2019-12-15T00:00:00.000000,16,HET JOURNAAL LAAT,EEN,22:48:43,00:15:08,270.293
2019-12-15T00:00:00.000000,17,SPORTS LATE NIGHT,VIER,22:24:23,01:08:25,264.088
2019-12-15T00:00:00.000000,18,BELGIUM'S GOT TALENT,VTM,17:12:49,01:29:05,215.950
2019-12-15T00:00:00.000000,19,BASKET. BB. 1/4F - OOSTENDE/CHARLEROI,EEN,16:12:46,01:50:41,193.216
2019-12-15T00:00:00.000000,20,RUSSIA WITH SIMON REEVE,CANVAS,21:02:32,00:57:38,162.728
2019-12-16T00:00:00.000000,1,THUIS,EEN,20:13:17,00:25:24,1.129.049
2019-12-16T00:00:00.000000,2,DE SLIMSTE MENS TER WERELD,VIER,21:35:20,00:56:59,1.117.573
2019-12-16T00:00:00.000000,3,HET 7 UUR-JOURNAAL,EEN,19:00:06,00:40:05,996.776
2019-12-16T00:00:00.000000,4,IEDEREEN BEROEMD,EEN,19:44:25,00:21:33,975.574
2019-12-16T00:00:00.000000,5,NIEUWS 19U VTM,VTM,18:59:53,00:50:55,765.838
2019-12-16T00:00:00.000000,6,BLOKKEN,EEN,18:31:23,00:26:23,741.728
2019-12-16T00:00:00.000000,7,HOE ZAL IK HET ZEGGEN?,VTM,20:37:57,00:46:15,693.097
2019-12-16T00:00:00.000000,8,FAMILIE,VTM,20:01:50,00:24:45,634.170
2019-12-16T00:00:00.000000,9,MIJ OVERKOMT HET NIET,EEN,20:42:53,00:37:41,587.391
2019-12-16T00:00:00.000000,10,OOIT VRIJ,VIER,20:36:14,00:43:16,492.558
2019-12-16T00:00:00.000000,11,HET 1 UUR-JOURNAAL,EEN,13:00:05,00:25:49,410.682
2019-12-16T00:00:00.000000,12,DE BUURTPOLITIE,VTM,18:22:12,00:23:54,373.537
2019-12-16T00:00:00.000000,13,FLIKKEN MAASTRICHT,EEN,17:13:24,00:49:29,328.217
2019-12-16T00:00:00.000000,14,NIEUWS 13U VTM,VTM,12:59:54,00:24:04,300.499
2019-12-16T00:00:00.000000,15,BELPOP - BART PEETERS,EEN,21:23:53,00:51:49,295.765
2019-12-16T00:00:00.000000,16,WISSEL VAN DE MACHT,CANVAS,21:17:04,00:51:42,233.998
2019-12-16T00:00:00.000000,17,TELEFACTS,VTM,21:44:45,00:44:24,229.189
2019-12-16T00:00:00.000000,18,DE AFSPRAAK,CANVAS,20:30:45,00:41:18,228.496
2019-12-16T00:00:00.000000,19,EXTRA TIME,CANVAS,22:12:22,01:06:48,214.474
2019-12-16T00:00:00.000000,20,FIRST DATES,EEN,22:38:58,00:46:32,206.848
2019-12-17T00:00:00.000000,1,THUIS,EEN,20:14:23,00:25:16,1.081.647
2019-12-17T00:00:00.000000,2,DE SLIMSTE MENS TER WERELD,VIER,21:26:36,00:51:49,1.066.968
2019-12-17T00:00:00.000000,3,HET 7 UUR-JOURNAAL,EEN,19:00:05,00:41:24,927.731
2019-12-17T00:00:00.000000,4,IEDEREEN BEROEMD,EEN,19:44:36,00:22:06,878.653
2019-12-17T00:00:00.000000,5,HET HUIS - LYNN WESENBEEK,EEN,20:42:55,00:55:01,833.777
2019-12-17T00:00:00.000000,6,BLOKKEN,EEN,18:29:25,00:27:04,692.606
2019-12-17T00:00:00.000000,7,NIEUWS 19U VTM,VTM,18:59:53,00:52:37,664.638
2019-12-17T00:00:00.000000,8,FAMILIE,VTM,20:03:28,00:24:16,649.763
2019-12-17T00:00:00.000000,9,ANDY OP PATROUILLE,VTM,20:40:09,00:46:44,331.221
2019-12-17T00:00:00.000000,10,GEUBELS EN DE BELGEN,VIER,20:36:13,00:34:33,312.206
2019-12-17T00:00:00.000000,11,HET 1 UUR-JOURNAAL,EEN,13:00:04,00:28:57,292.089
2019-12-17T00:00:00.000000,12,HET JOURNAAL LAAT,EEN,22:28:25,00:16:20,291.702
2019-12-17T00:00:00.000000,13,FAROEK,VTM,21:48:34,00:41:11,281.601
2019-12-17T00:00:00.000000,14,DE BUURTPOLITIE,VTM,18:21:50,00:24:55,275.902
2019-12-17T00:00:00.000000,15,FLIKKEN MAASTRICHT,EEN,17:21:18,00:42:43,255.459
2019-12-17T00:00:00.000000,16,NIEUWS 13U VTM,VTM,12:59:54,00:24:22,250.372
2019-12-17T00:00:00.000000,17,DE AFSPRAAK,CANVAS,20:35:00,00:47:19,211.478
2019-12-17T00:00:00.000000,18,VB. BB. 1/4F - ZULTE WAREGEM/CHARLEROI,Q2,20:45:28,01:36:08,204.536
2019-12-17T00:00:00.000000,19,BEVERGEM,EEN,21:40:28,00:46:08,199.934
2019-12-17T00:00:00.000000,20,FIRST DATES,EEN,22:51:18,00:46:25,197.189
2019-12-18T00:00:00.000000,1,DE SLIMSTE MENS TER WERELD,VIER,21:47:46,00:56:10,1.114.818
2019-12-18T00:00:00.000000,2,THUIS,EEN,20:20:05,00:25:24,1.070.114
2019-12-18T00:00:00.000000,3,HET 7 UUR-JOURNAAL,EEN,19:00:06,00:46:07,876.927
2019-12-18T00:00:00.000000,4,IEDEREEN BEROEMD,EEN,19:49:04,00:21:05,843.944
2019-12-18T00:00:00.000000,5,NIEUWS 19U VTM,VTM,18:59:53,00:51:51,700.409
2019-12-18T00:00:00.000000,6,BLOKKEN,EEN,18:30:26,00:27:09,657.968
2019-12-18T00:00:00.000000,7,FAMILIE,VTM,20:02:08,00:24:56,599.191
2019-12-18T00:00:00.000000,8,CODE VAN COPPENS,VTM,20:38:17,00:50:10,583.964
2019-12-18T00:00:00.000000,9,BAKE OFF VLAANDEREN,VIER,20:36:14,00:54:01,490.742
2019-12-18T00:00:00.000000,10,VB. BB. 1/4F - STANDARD/ANTWERPEN,Q2,20:45:43,01:39:37,410.974
2019-12-18T00:00:00.000000,11,DE BUURTPOLITIE,VTM,18:22:45,00:23:19,379.019
2019-12-18T00:00:00.000000,12,"VIVE LE VELO, WIELERJAAR 2019",EEN,20:48:41,01:03:28,361.232
2019-12-18T00:00:00.000000,13,HET 1 UUR-JOURNAAL,EEN,13:00:05,00:26:59,292.069
2019-12-18T00:00:00.000000,14,BORDER SECURITY (AUS),VTM,17:56:22,00:21:35,261.613
2019-12-18T00:00:00.000000,15,ASPE,VTM,16:45:24,00:47:43,252.594
2019-12-18T00:00:00.000000,16,DE AFSPRAAK,CANVAS,20:32:01,00:47:57,247.800
2019-12-18T00:00:00.000000,17,NIEUWS 13U VTM,VTM,12:59:54,00:26:29,240.454
2019-12-18T00:00:00.000000,18,VB. BB. 1/4F,Q2,20:25:17,00:38:18,238.104
2019-12-18T00:00:00.000000,19,HET JOURNAAL LAAT,EEN,22:48:08,00:17:47,215.426
2019-12-18T00:00:00.000000,20,"HELDEN VAN HIER, DOOR HET VUUR",VTM,21:50:13,00:47:19,202.308
2019-12-19T00:00:00.000000,1,DE SLIMSTE MENS TER WERELD,VIER,21:34:30,01:00:31,1.280.231
2019-12-19T00:00:00.000000,2,THUIS,EEN,20:11:07,00:24:51,1.087.883
2019-12-19T00:00:00.000000,3,HET 7 UUR-JOURNAAL,EEN,19:00:05,00:40:26,902.197
2019-12-19T00:00:00.000000,4,IEDEREEN BEROEMD,EEN,19:45:54,00:17:39,841.077
2019-12-19T00:00:00.000000,5,VB. BB. 1/4F - ANDERLECHT/CL.BRUGGE,EEN,20:46:17,01:34:28,748.761
2019-12-19T00:00:00.000000,6,BLOKKEN,EEN,18:31:06,00:27:17,680.727
2019-12-19T00:00:00.000000,7,NIEUWS 19U VTM,VTM,18:59:54,00:51:20,673.864
2019-12-19T00:00:00.000000,8,FAMILIE,VTM,20:02:24,00:24:21,649.804
2019-12-19T00:00:00.000000,9,VB. BB. 1/4F - PAUSE,EEN,21:31:25,00:15:18,634.575
2019-12-19T00:00:00.000000,10,VB. BB. 1/4F,EEN,20:39:42,00:28:29,541.737
2019-12-19T00:00:00.000000,11,"STEENRIJK, STRAATARM",VTM,20:38:06,00:43:52,425.200
2019-12-19T00:00:00.000000,12,HET 1 UUR-JOURNAAL,EEN,13:00:06,00:34:13,320.957
2019-12-19T00:00:00.000000,13,HET JOURNAAL LAAT,EEN,23:02:51,00:16:31,315.985
2019-12-19T00:00:00.000000,14,DE BUURTPOLITIE,VTM,18:19:46,00:26:58,314.188
2019-12-19T00:00:00.000000,15,AUWCH,VIER,22:57:39,00:26:38,250.608
2019-12-19T00:00:00.000000,16,"ZO MAN, ZO VROUW",VIER,20:40:14,00:40:04,244.571
2019-12-19T00:00:00.000000,17,NIEUWS 13U VTM,VTM,12:59:54,00:25:08,235.823
2019-12-19T00:00:00.000000,18,DE AFSPRAAK,CANVAS,20:36:34,00:45:22,211.082
2019-12-19T00:00:00.000000,19,BORDER SECURITY (AUS),VTM,17:55:04,00:21:22,201.635
2019-12-19T00:00:00.000000,20,ALLOO BIJ... - DINA TERSAGO,VTM,21:42:44,00:51:53,191.035
2019-12-20T00:00:00.000000,1,THUIS,EEN,20:20:44,00:25:14,1.063.052
2019-12-20T00:00:00.000000,2,HET 7 UUR-JOURNAAL,EEN,19:00:06,00:47:03,915.096
2019-12-20T00:00:00.000000,3,BELGIUM'S GOT TALENT,VTM,20:41:12,01:59:31,905.159
2019-12-20T00:00:00.000000,4,IEDEREEN BEROEMD,EEN,19:51:15,00:20:55,838.276
2019-12-20T00:00:00.000000,5,BLOKKEN,EEN,18:29:17,00:27:13,668.410
2019-12-20T00:00:00.000000,6,NIEUWS 19U VTM,VTM,18:59:51,00:52:13,615.912
2019-12-20T00:00:00.000000,7,FAMILIE,VTM,20:02:10,00:24:29,581.881
2019-12-20T00:00:00.000000,8,MIDSOMER MURDERS,EEN,20:49:50,01:29:10,481.182
2019-12-20T00:00:00.000000,9,HET 1 UUR-JOURNAAL,EEN,13:00:05,00:29:15,368.307
2019-12-20T00:00:00.000000,10,DE BUURTPOLITIE,VTM,18:20:58,00:25:38,307.697
2019-12-20T00:00:00.000000,11,NIEUWS 13U VTM,VTM,12:59:54,00:27:02,307.031
2019-12-20T00:00:00.000000,12,POLDARK,EEN,22:22:37,00:58:03,212.233
2019-12-20T00:00:00.000000,13,THE GOOD DOCTOR,VTM,23:13:21,00:40:51,201.622
2019-12-20T00:00:00.000000,14,ASPE,VTM,16:35:21,00:50:31,198.916
2019-12-20T00:00:00.000000,15,DE AFSPRAAK,CANVAS,20:33:11,00:49:01,197.693
2019-12-20T00:00:00.000000,16,BORDER SECURITY (AUS),VTM,17:55:30,00:21:50,189.727
2019-12-20T00:00:00.000000,17,SPORTS LATE NIGHT,VIER,23:00:31,00:18:29,152.717
2019-12-20T00:00:00.000000,18,NEIGHBOURS,EEN,17:41:40,00:21:42,152.277
2019-12-20T00:00:00.000000,19,TER ZAKE,CANVAS,20:00:08,00:33:03,131.737
2019-12-20T00:00:00.000000,20,STURM DER LIEBE,VITAYA,17:50:52,00:48:43,111.984
2019-12-21T00:00:00.000000,1,HET 7 UUR-JOURNAAL,EEN,19:00:05,00:38:05,706.913
2019-12-21T00:00:00.000000,2,FC DE KAMPIOENEN,EEN,20:58:19,00:38:23,553.316
2019-12-21T00:00:00.000000,3,NIEUWS 19U VTM,VTM,18:59:54,00:41:13,548.415
2019-12-21T00:00:00.000000,4,COMEDY TOPPERS,VTM,19:52:22,00:24:08,540.524
2019-12-21T00:00:00.000000,5,THE SECRET LIFE OF THE ZOO,EEN,20:25:01,00:30:01,492.392
2019-12-21T00:00:00.000000,6,IEDEREEN BEROEMD,EEN,19:46:24,00:29:03,456.763
2019-12-21T00:00:00.000000,7,VELDRIJDEN. SINT-NIKLAAS H.,EEN,14:57:03,01:23:20,449.900
2019-12-21T00:00:00.000000,8,VELDRIJDEN. SINT-NIKLAAS D.,EEN,13:42:08,01:01:57,423.632
2019-12-21T00:00:00.000000,9,SPORZA,EEN,13:32:57,00:22:49,398.921
2019-12-21T00:00:00.000000,10,THE SNOW WOLF - A WINTER'S TALE,EEN,18:13:45,00:43:46,362.093
2019-12-21T00:00:00.000000,11,HET 1 UUR-JOURNAAL,EEN,13:00:06,00:26:52,329.873
2019-12-21T00:00:00.000000,12,PADDINGTON 2,VTM,20:32:38,01:35:31,321.323
2019-12-21T00:00:00.000000,13,EXPEDITIE PAIRI DAIZA,VTM,18:23:13,00:21:46,263.748
2019-12-21T00:00:00.000000,14,MRS. DOUBTFIRE,EEN,21:40:32,01:56:52,261.779
2019-12-21T00:00:00.000000,15,NIEUWS 13U VTM,VTM,12:59:54,00:22:22,257.530
2019-12-21T00:00:00.000000,16,SPORTS LATE NIGHT,VIER,22:58:58,00:49:57,252.528
2019-12-21T00:00:00.000000,17,RIJKER DAN JE DENKT?,VTM,17:15:15,00:53:11,211.688
2019-12-21T00:00:00.000000,18,DEN DOENDE DETEKTIVEN,CANVAS,20:32:38,01:30:39,200.234
2019-12-21T00:00:00.000000,19,VILLA POLITICA,EEN,16:21:55,00:27:22,168.658
2019-12-21T00:00:00.000000,20,HET JOURNAAL LAAT,EEN,23:39:33,00:17:31,166.533
2019-12-22T00:00:00.000000,1,KAMP WAES,EEN,20:22:08,00:48:04,1.433.703
2019-12-22T00:00:00.000000,2,DE TWAALF,EEN,21:13:04,00:47:40,1.063.331
2019-12-22T00:00:00.000000,3,HET 7 UUR-JOURNAAL,EEN,19:00:05,00:41:01,904.408
2019-12-22T00:00:00.000000,4,VREDE OP AARDE,EEN,22:04:49,00:55:16,821.835
2019-12-22T00:00:00.000000,5,SNOW BEARS,EEN,19:48:35,00:30:04,808.328
2019-12-22T00:00:00.000000,6,LILI EN MARLEEN,VTM,19:54:26,00:28:29,611.132
2019-12-22T00:00:00.000000,7,HET 1 UUR-JOURNAAL,EEN,13:00:05,00:28:30,597.194
2019-12-22T00:00:00.000000,8,NIEUWS 19U VTM,VTM,18:59:53,00:43:17,593.469
2019-12-22T00:00:00.000000,9,DAGELIJKSE KOST,EEN,18:11:53,00:45:27,445.811
2019-12-22T00:00:00.000000,10,HET JOURNAAL LAAT,EEN,23:02:19,00:15:52,351.891
2019-12-22T00:00:00.000000,11,NIEUWS 13U VTM,VTM,12:59:54,00:38:33,324.219
2019-12-22T00:00:00.000000,12,DE ZEVENDE DAG,EEN,11:00:10,01:56:56,286.852
2019-12-22T00:00:00.000000,13,THE SOUND OF MUSIC,VTM,20:38:58,02:44:32,269.925
2019-12-22T00:00:00.000000,14,VELDRIJDEN. NAMEN (S.),EEN,17:30:46,00:28:29,254.544
2019-12-22T00:00:00.000000,15,SPORTS LATE NIGHT,VIER,22:30:08,01:09:36,235.301
2019-12-22T00:00:00.000000,16,DE WARMSTE WEEK,EEN,13:35:14,01:12:09,213.472
2019-12-22T00:00:00.000000,17,ZIE MIJ GRAAG,EEN,23:24:43,00:45:42,184.489
2019-12-22T00:00:00.000000,18,NORTH AMERICA WITH SIMON REEVE,CANVAS,21:03:40,00:58:59,181.024
2019-12-22T00:00:00.000000,19,TURNEN GYMGALA,EEN,17:00:43,00:29:31,178.879
2019-12-22T00:00:00.000000,20,BELGIUM'S GOT TALENT,VTM,17:10:58,01:32:55,176.700
2019-12-23T00:00:00.000000,1,THUIS,EEN,20:16:14,00:24:42,1.285.559
2019-12-23T00:00:00.000000,2,VREDE OP AARDE,EEN,20:44:54,00:59:48,1.167.006
2019-12-23T00:00:00.000000,3,HET 7 UUR-JOURNAAL,EEN,19:00:05,00:44:30,1.083.106
2019-12-23T00:00:00.000000,4,IEDEREEN BEROEMD,EEN,19:47:10,00:21:48,1.016.595
2019-12-23T00:00:00.000000,5,HOE ZAL IK HET ZEGGEN?,VTM,20:38:01,00:51:38,773.367
2019-12-23T00:00:00.000000,6,BLOKKEN,EEN,18:31:00,00:27:14,753.382
2019-12-23T00:00:00.000000,7,NIEUWS 19U VTM,VTM,18:59:54,00:50:53,741.326
2019-12-23T00:00:00.000000,8,FAMILIE,VTM,20:01:53,00:24:15,685.284
2019-12-23T00:00:00.000000,9,BART PEETERS DELUXE,EEN,21:48:08,01:00:27,642.152
2019-12-23T00:00:00.000000,10,DOSSIER X,VTM,21:47:17,00:45:16,378.666
2019-12-23T00:00:00.000000,11,DE BUURTPOLITIE,VTM,18:21:57,00:24:16,356.416
2019-12-23T00:00:00.000000,12,HET 1 UUR-JOURNAAL,EEN,13:00:05,00:26:50,334.398
2019-12-23T00:00:00.000000,13,NIEUWS 13U VTM,VTM,12:59:53,00:23:43,274.902
2019-12-23T00:00:00.000000,14,BORDER SECURITY (AUS),VTM,17:55:27,00:21:41,257.404
2019-12-23T00:00:00.000000,15,EXTRA TIME,CANVAS,22:09:20,01:13:06,251.068
2019-12-23T00:00:00.000000,16,ASPE,VTM,16:40:05,00:48:40,213.622
2019-12-23T00:00:00.000000,17,NEIGHBOURS,EEN,17:42:17,00:21:42,211.792
2019-12-23T00:00:00.000000,18,FIRST DATES,EEN,23:13:09,00:46:28,197.433
2019-12-23T00:00:00.000000,19,CHICAGO P.D.,VTM,22:48:26,00:40:08,179.097
2019-12-23T00:00:00.000000,20,SEVEN WORLDS ONE PLANET,CANVAS,20:10:15,01:00:22,160.973
2019-12-24T00:00:00.000000,1,THUIS,EEN,20:08:38,00:24:57,852.509
2019-12-24T00:00:00.000000,2,HET 7 UUR-JOURNAAL,EEN,19:00:05,00:37:45,736.386
2019-12-24T00:00:00.000000,3,BLOKKEN,EEN,18:31:50,00:26:29,694.685
2019-12-24T00:00:00.000000,4,VREDE OP AARDE,EEN,20:36:40,00:45:17,671.938
2019-12-24T00:00:00.000000,5,IEDEREEN BEROEMD,EEN,19:41:43,00:20:13,646.805
2019-12-24T00:00:00.000000,6,HET 1 UUR-JOURNAAL,EEN,13:06:02,00:26:19,503.704
2019-12-24T00:00:00.000000,7,HOME ALONE,VTM,20:37:45,01:34:53,436.220
2019-12-24T00:00:00.000000,8,DE WARMSTE WEEK,EEN,13:36:13,04:24:11,399.544
2019-12-24T00:00:00.000000,9,FAMILIE,VTM,19:57:13,00:25:43,398.745
2019-12-24T00:00:00.000000,10,NIEUWS 19U VTM,VTM,18:59:53,00:46:14,394.623
2019-12-24T00:00:00.000000,11,NIEUWS 13U VTM,VTM,12:59:53,00:25:31,292.256
2019-12-24T00:00:00.000000,12,EIGEN KWEEK,EEN,21:24:11,00:51:11,290.691
2019-12-24T00:00:00.000000,13,DE BUURTPOLITIE,VTM,18:20:40,00:25:16,251.876
2019-12-24T00:00:00.000000,14,NOT THE ROBBIE WILLIAMS CHRISTMAS SHOW,EEN,22:21:18,00:59:43,243.013
2019-12-24T00:00:00.000000,15,MIRACLE ON 34TH STREET,VTM,22:44:16,01:44:53,233.350
2019-12-24T00:00:00.000000,16,"CIRQUE DU SOLEIL KURIOS, CABINET OF CURIOSITIES",CANVAS,21:16:03,01:28:20,196.265
2019-12-24T00:00:00.000000,17,GEUBELS EN DE BELGEN,VIER,20:35:14,00:33:23,169.879
2019-12-24T00:00:00.000000,18,WEG ZIJN WIJ,EEN,23:29:55,00:28:48,165.270
2019-12-24T00:00:00.000000,19,BORDER SECURITY (AUS),VTM,17:55:23,00:20:04,161.347
2019-12-24T00:00:00.000000,20,"PAUL BLART, MALL COP",VTM,15:56:39,01:22:53,134.254
